range,posture,start,end,
270,Lying,6648864,6648878,
270,Lying,6648864,6648893,
270,Lying,6648864,6648906,
270,Lying,6648864,6648922,
270,Lying,6648864,6648935,
270,Lying,6648864,6648951,
270,Lying,6648864,6648962,
270,Lying,6648864,6648975,
270,Lying,6648864,6648988,
270,Lying,6648864,6649004,
270,Lying,6648864,6649017,
270,Lying,6648864,6649032,
270,Lying,6648864,6649043,
270,Lying,6648864,6649057,
270,Lying,6648864,6649072,
270,Lying,6648864,6649085,
270,Lying,6648864,6649101,
270,Lying,6648864,6649114,
270,Lying,6648864,6649127,
270,Lying,6648864,6649143,
270,Lying,6648864,6649154,
270,Lying,6648864,6649172,
270,Lying,6648864,6649183,
270,Lying,6648864,6649196,
270,Lying,6648864,6649211,
270,Lying,6648864,6649225,
270,Lying,6648864,6649241,
270,Lying,6648864,6649254,
270,Lying,6648864,6649270,
270,Lying,6648864,6649283,
270,Lying,6648864,6649293,
270,Lying,6648864,6649310,
270,Lying,6648864,6649322,
270,Lying,6648864,6649335,
270,Lying,6648864,6649352,
270,Lying,6648864,6649365,
270,Lying,6648864,6649380,
270,Lying,6648864,6649394,
270,Lying,6648864,6649409,
270,Lying,6648864,6649420,
270,Lying,6648864,6649433,
270,Lying,6648864,6649449,
270,Lying,6648864,6649462,
270,Lying,6648864,6649476,
270,Lying,6648864,6649491,
270,Lying,6648864,6649504,
270,Lying,6648864,6649520,
270,Lying,6648864,6649536,
270,Lying,6648864,6649560,
270,Lying,6648864,6649573,
270,Lying,6648864,6649586,
270,Lying,6648864,6649602,
270,Lying,6648864,6649612,
270,Lying,6648864,6649630,
270,Lying,6648864,6649641,
270,Lying,6648864,6649657,
270,Lying,6648864,6649670,
270,Lying,6648864,6649683,
270,Lying,6648864,6649699,
270,Lying,6648864,6649712,
270,Lying,6651104,6651130,
270,Lying,6651104,6651146,
270,Lying,6651104,6651156,
270,Lying,6651104,6651174,
270,Lying,6651104,6651186,
270,Lying,6651104,6651199,
270,Lying,6651104,6651214,
270,Lying,6651104,6651228,
270,Lying,6651104,6651243,
270,Lying,6651104,6651256,
270,Lying,6651104,6651267,
270,Lying,6651104,6651285,
270,Lying,6651104,6651296,
270,Lying,6651104,6651310,
270,Lying,6651104,6651325,
270,Lying,6651104,6651338,
270,Lying,6651104,6651348,
270,Lying,6651104,6651367,
270,Lying,6651104,6651378,
270,Lying,6651104,6651397,
270,Lying,6651104,6651407,
270,Lying,6651104,6651420,
270,Lying,6651104,6651436,
270,Lying,6651104,6651449,
270,Lying,6651104,6651464,
270,Lying,6651104,6651478,
270,Lying,6651104,6651489,
270,Lying,6651104,6651507,
270,Lying,6651104,6651517,
270,Lying,6651104,6651533,
270,Lying,6651104,6651546,
270,Lying,6651104,6651559,
270,Lying,6651104,6651576,
270,Lying,6651104,6651588,
270,Lying,6651104,6651604,
270,Lying,6651104,6651615,
270,Lying,6651104,6651628,
270,Lying,6651104,6651643,
270,Lying,6651104,6651657,
270,Lying,6651104,6651670,
270,Lying,6651104,6651686,
270,Lying,6651104,6651699,
270,Lying,6651104,6651710,
270,Lying,6651104,6651725,
270,Lying,6651104,6651739,
270,Lying,6651104,6651755,
270,Lying,6651104,6651767,
270,Lying,6652700,6652713,
270,Lying,6652700,6652727,
270,Lying,6652700,6652742,
270,Lying,6652700,6652755,
270,Lying,6652700,6652767,
270,Lying,6652700,6652782,
270,Lying,6652700,6652795,
270,Lying,6652700,6652811,
270,Lying,6652700,6652824,
270,Lying,6652700,6652837,
270,Lying,6652700,6652854,
270,Lying,6652700,6652864,
270,Lying,6652700,6652882,
270,Lying,6652700,6652893,
270,Lying,6652700,6652906,
270,Lying,6652700,6652921,
270,Lying,6652700,6652935,
270,Lying,6652700,6652948,
270,Lying,6652700,6652964,
270,Lying,6652700,6652975,
270,Lying,6652700,6652993,
270,Lying,6652700,6653003,
270,Lying,6652700,6653020,
270,Lying,6652700,6653033,
270,Lying,6652700,6653045,
270,Lying,6652700,6653062,
270,Lying,6652700,6653075,
270,Lying,6652700,6653085,
270,Lying,6652700,6653104,
270,Lying,6652700,6653114,
270,Lying,6652700,6653132,
270,Lying,6652700,6653144,
270,Lying,6652700,6653156,
270,Lying,6652700,6653167,
270,Lying,6652700,6653186,
270,Lying,6652700,6653196,
270,Lying,6652700,6653214,
270,Lying,6652700,6653224,
270,Lying,6652700,6653241,
270,Lying,6652700,6653254,
270,Lying,6652700,6653267,
270,Lying,6652700,6653283,
270,Lying,6652700,6653296,
270,Lying,6652700,6653312,
270,Lying,6652700,6653325,
270,Lying,6652700,6653335,
270,Lying,6652700,6653351,
270,Lying,6652700,6653365,
270,Lying,6652700,6653380,
270,Lying,6652700,6653393,
270,Lying,6652700,6653407,
90,Lying,6657710,6657725,
90,Lying,6657710,6657738,
90,Lying,6657710,6657752,
90,Lying,6657710,6657768,
90,Lying,6657710,6657778,
90,Lying,6657710,6657797,
90,Lying,6657710,6657807,
90,Lying,6657710,6657825,
90,Lying,6657710,6657837,
90,Lying,6657710,6657849,
90,Lying,6657710,6657865,
90,Lying,6657710,6657879,
90,Lying,6657710,6657889,
90,Lying,6657710,6657907,
90,Lying,6657710,6657923,
90,Lying,6657710,6657936,
90,Lying,6657710,6657947,
90,Lying,6657710,6657963,
90,Lying,6657710,6657976,
90,Lying,6657710,6657989,
90,Lying,6657710,6658004,
90,Lying,6657710,6658018,
90,Lying,6657710,6658028,
90,Lying,6657710,6658044,
90,Lying,6657710,6658058,
90,Lying,6657710,6658073,
90,Lying,6657710,6658086,
90,Lying,6657710,6658100,
90,Lying,6657710,6658115,
90,Lying,6657710,6658128,
90,Lying,6657710,6658145,
90,Lying,6657710,6658155,
90,Lying,6657710,6658168,
90,Lying,6657710,6658184,
90,Lying,6657710,6658197,
90,Lying,6657710,6658210,
90,Lying,6657710,6658226,
90,Lying,6657710,6658239,
90,Lying,6657710,6658250,
90,Lying,6657710,6658266,
90,Lying,6657710,6658279,
90,Lying,6657710,6658294,
90,Lying,6657710,6658308,
90,Lying,6657710,6658324,
90,Lying,6657710,6658336,
90,Lying,6657710,6658348,
90,Lying,6657710,6658366,
90,Lying,6657710,6658376,
90,Lying,6659934,6659947,
90,Lying,6659934,6659962,
90,Lying,6659934,6659973,
90,Lying,6659934,6659986,
90,Lying,6659934,6660002,
90,Lying,6659934,6660016,
90,Lying,6659934,6660031,
90,Lying,6659934,6660044,
90,Lying,6659934,6660058,
90,Lying,6659934,6660073,
90,Lying,6659934,6660084,
90,Lying,6659934,6660103,
90,Lying,6659934,6660113,
90,Lying,6659934,6660126,
90,Lying,6659934,6660142,
90,Lying,6659934,6660155,
90,Lying,6659934,6660170,
90,Lying,6659934,6660184,
90,Lying,6659934,6660195,
90,Lying,6659934,6660213,
90,Lying,6659934,6660224,
90,Lying,6659934,6660237,
90,Lying,6659934,6660252,
90,Lying,6659934,6660265,
90,Lying,6659934,6660282,
90,Lying,6659934,6660294,
90,Lying,6659934,6660305,
90,Lying,6659934,6660324,
90,Lying,6659934,6660334,
90,Lying,6659934,6660349,
90,Lying,6659934,6660363,
90,Lying,6659934,6660376,
90,Lying,6659934,6660392,
90,Lying,6659934,6660405,
90,Lying,6659934,6660421,
90,Lying,6659934,6660434,
90,Lying,6659934,6660445,
90,Lying,6659934,6660461,
90,Lying,6659934,6660473,
90,Lying,6659934,6660490,
90,Lying,6659934,6660503,
90,Lying,6659934,6660516,
90,Lying,6659934,6660532,
90,Lying,6659934,6660545,
90,Lying,6659934,6660560,
90,Lying,6659934,6660572,
90,Lying,6659934,6660584,
90,Lying,6659934,6660600,
90,Lying,6659934,6660614,
90,Lying,6659934,6660629,
90,Lying,6659934,6660642,
90,Lying,6659934,6660653,
90,Lying,6659934,6660671,
90,Lying,6659934,6660682,
90,Lying,6659934,6660696,
90,Lying,6659934,6660711,
90,Lying,6659934,6660724,
90,Lying,6659934,6660740,
90,Lying,6659934,6660753,
90,Lying,6659934,6660763,
90,Lying,6659934,6660782,
90,Lying,6659934,6660793,
90,Lying,6661878,6661892,
90,Lying,6661878,6661902,
90,Lying,6661878,6661920,
90,Lying,6661878,6661931,
90,Lying,6661878,6661944,
90,Lying,6661878,6661960,
90,Lying,6661878,6661974,
90,Lying,6661878,6661989,
90,Lying,6661878,6662002,
90,Lying,6661878,6662018,
90,Lying,6661878,6662031,
90,Lying,6661878,6662041,
90,Lying,6661878,6662060,
90,Lying,6661878,6662071,
90,Lying,6661878,6662084,
90,Lying,6661878,6662099,
90,Lying,6661878,6662113,
90,Lying,6661878,6662128,
90,Lying,6661878,6662158,
90,Lying,6661878,6662171,
90,Lying,6661878,6662181,
90,Lying,6661878,6662202,
90,Lying,6661878,6662223,
90,Lying,6661878,6662239,
90,Lying,6661878,6662255,
90,Lying,6661878,6662268,
90,Lying,6661878,6662279,
90,Lying,6661878,6662292,
90,Lying,6661878,6662307,
90,Lying,6661878,6662321,
90,Lying,6661878,6662337,
90,Lying,6661878,6662350,
90,Lying,6661878,6662363,
90,Lying,6661878,6662379,
90,Lying,6661878,6662389,
90,Lying,6661878,6662403,
90,Lying,6661878,6662418,
90,Lying,6661878,6662431,
90,Lying,6661878,6662445,
90,Lying,6661878,6662461,
90,Lying,6661878,6662473,
90,Lying,6661878,6662490,
90,Lying,6661878,6662500,
90,Lying,6661878,6662513,
90,Lying,6661878,6662530,
90,Lying,6661878,6662542,
90,Lying,6661878,6662558,
90,Lying,6661878,6662572,
90,Lying,6661878,6662582,
90,Lying,6661878,6662600,
90,Lying,6661878,6662610,
90,Lying,6661878,6662629,
90,Lying,6661878,6662640,
90,Lying,6661878,6662652,
90,Lying,6661878,6662669,
90,Lying,6661878,6662682,
90,Lying,6661878,6662697,
90,Lying,6661878,6662711,
90,Lying,6661878,6662721,
90,Lying,6661878,6662739,
90,Lying,6661878,6662751,
90,Lying,6661878,6662764,
90,Lying,6661878,6662779,
90,Lying,6661878,6662793,
90,Lying,6661878,6662808,
90,Lying,6661878,6662821,
90,Lying,6661878,6662832,
90,Lying,6661878,6662848,
90,Lying,6661878,6662861,
90,Lying,6661878,6662877,
90,Lying,6661878,6662890,
90,Lying,6661878,6662903,
90,Lying,6661878,6662919,
90,Lying,6661878,6662932,
90,Lying,6661878,6662948,
90,Lying,6661878,6662959,
0,Lying,6666074,6666084,
0,Lying,6666074,6666097,
0,Lying,6666074,6666113,
0,Lying,6666074,6666126,
0,Lying,6666074,6666141,
0,Lying,6666074,6666155,
0,Lying,6666074,6666166,
0,Lying,6666074,6666184,
0,Lying,6666074,6666194,
0,Lying,6666074,6666210,
0,Lying,6666074,6666223,
0,Lying,6666074,6666236,
0,Lying,6666074,6666252,
0,Lying,6666074,6666265,
0,Lying,6666074,6666276,
0,Lying,6666074,6666295,
0,Lying,6666074,6666305,
0,Lying,6666074,6666320,
0,Lying,6666074,6666334,
0,Lying,6666074,6666347,
0,Lying,6666074,6666363,
0,Lying,6666074,6666376,
0,Lying,6666074,6666392,
0,Lying,6666074,6666402,
0,Lying,6666074,6666416,
0,Lying,6666074,6666431,
0,Lying,6666074,6666444,
0,Lying,6666074,6666461,
0,Lying,6666074,6666474,
0,Lying,6666074,6666487,
0,Lying,6666074,6666503,
0,Lying,6666074,6666513,
0,Lying,6666074,6666531,
0,Lying,6666074,6666543,
0,Lying,6666074,6666555,
0,Lying,6666074,6666571,
0,Lying,6666074,6666585,
0,Lying,6666074,6666600,
0,Lying,6666074,6666613,
0,Lying,6666074,6666624,
0,Lying,6666074,6666642,
0,Lying,6666074,6666653,
0,Lying,6666074,6666665,
0,Lying,6666074,6666682,
0,Lying,6666074,6666695,
0,Lying,6666074,6666711,
0,Lying,6666074,6666724,
0,Lying,6666074,6666734,
0,Lying,6666074,6666753,
0,Lying,6666074,6666764,
0,Lying,6666074,6666779,
0,Lying,6666074,6666792,
0,Lying,6666074,6666806,
0,Lying,6666074,6666821,
0,Lying,6666074,6666834,
0,Lying,6666074,6666851,
0,Lying,6666074,6666863,
0,Lying,6666074,6666876,
0,Lying,6666074,6666890,
0,Lying,6666074,6666903,
0,Lying,6667997,6668012,
0,Lying,6667997,6668025,
0,Lying,6667997,6668039,
0,Lying,6667997,6668055,
0,Lying,6667997,6668065,
0,Lying,6667997,6668084,
0,Lying,6667997,6668094,
0,Lying,6667997,6668112,
0,Lying,6667997,6668123,
0,Lying,6667997,6668136,
0,Lying,6667997,6668152,
0,Lying,6667997,6668166,
0,Lying,6667997,6668176,
0,Lying,6667997,6668194,
0,Lying,6667997,6668205,
0,Lying,6667997,6668223,
0,Lying,6667997,6668234,
0,Lying,6667997,6668247,
0,Lying,6667997,6668263,
0,Lying,6667997,6668276,
0,Lying,6667997,6668292,
0,Lying,6667997,6668305,
0,Lying,6667997,6668315,
0,Lying,6667997,6668332,
0,Lying,6667997,6668345,
0,Lying,6667997,6668360,
0,Lying,6667997,6668374,
0,Lying,6667997,6668387,
0,Lying,6667997,6668402,
0,Lying,6667997,6668416,
0,Lying,6667997,6668432,
0,Lying,6667997,6668442,
0,Lying,6667997,6668455,
0,Lying,6667997,6668471,
0,Lying,6667997,6668484,
0,Lying,6667997,6668499,
0,Lying,6667997,6668513,
0,Lying,6667997,6668526,
0,Lying,6667997,6668542,
0,Lying,6667997,6668553,
0,Lying,6667997,6668571,
0,Lying,6667997,6668581,
0,Lying,6667997,6668595,
0,Lying,6667997,6668611,
0,Lying,6667997,6668623,
0,Lying,6667997,6668635,
0,Lying,6667997,6668653,
0,Lying,6667997,6668663,
0,Lying,6667997,6668682,
0,Lying,6667997,6668692,
0,Lying,6667997,6668705,
0,Lying,6667997,6668722,
0,Lying,6667997,6668734,
0,Lying,6667997,6668750,
0,Lying,6667997,6668764,
0,Lying,6667997,6668774,
0,Lying,6667997,6668792,
0,Lying,6667997,6668803,
0,Lying,6667997,6668819,
0,Lying,6667997,6668832,
0,Lying,6667997,6668846,
0,Lying,6672055,6672070,
0,Lying,6672055,6672083,
0,Lying,6672055,6672097,
0,Lying,6672055,6672110,
0,Lying,6672055,6672125,
0,Lying,6672055,6672137,
0,Lying,6672055,6672155,
0,Lying,6672055,6672165,
0,Lying,6672055,6672179,
0,Lying,6672055,6672194,
0,Lying,6672055,6672207,
0,Lying,6672055,6672223,
0,Lying,6672055,6672236,
0,Lying,6672055,6672247,
0,Lying,6672055,6672263,
0,Lying,6672055,6672281,
0,Lying,6672055,6672291,
0,Lying,6672055,6672305,
0,Lying,6672055,6672318,
0,Lying,6672055,6672334,
0,Lying,6672055,6672347,
0,Lying,6672055,6672363,
0,Lying,6672055,6672373,
0,Lying,6672055,6672387,
0,Lying,6672055,6672402,
0,Lying,6672055,6672415,
0,Lying,6672055,6672432,
0,Lying,6672055,6672445,
0,Lying,6672055,6672457,
0,Lying,6672055,6672474,
0,Lying,6672055,6672484,
0,Lying,6672055,6672497,
0,Lying,6672055,6672514,
0,Lying,6672055,6672526,
0,Lying,6672055,6672542,
0,Lying,6672055,6672556,
0,Lying,6672055,6672566,
0,Lying,6672055,6672600,
0,Lying,6672055,6672613,
0,Lying,6672055,6672624,
0,Lying,6672055,6672640,
0,Lying,6672055,6672653,
0,Lying,6672055,6672666,
0,Lying,6672055,6672681,
0,Lying,6672055,6672695,
0,Lying,6672055,6672705,
0,Lying,6672055,6672723,
0,Lying,6672055,6672735,
0,Lying,6672055,6672748,
0,Lying,6672055,6672763,
0,Lying,6672055,6672777,
0,Lying,6672055,6672792,
0,Lying,6672055,6672805,
0,Lying,6672055,6672816,
0,Lying,6672055,6672832,
0,Lying,6672055,6672845,
0,Lying,6672055,6672874,
0,Lying,6672055,6672887,
0,Lying,6672055,6672903,
180,Lying,6675372,6675385,
180,Lying,6675372,6675401,
180,Lying,6675372,6675415,
180,Lying,6675372,6675430,
180,Lying,6675372,6675440,
180,Lying,6675372,6675459,
180,Lying,6675372,6675470,
180,Lying,6675372,6675483,
180,Lying,6675372,6675499,
180,Lying,6675372,6675512,
180,Lying,6675372,6675525,
180,Lying,6675372,6675540,
180,Lying,6675372,6675551,
180,Lying,6675372,6675569,
180,Lying,6675372,6675580,
180,Lying,6675372,6675594,
180,Lying,6675372,6675609,
180,Lying,6675372,6675622,
180,Lying,6675372,6675638,
180,Lying,6675372,6675651,
180,Lying,6675372,6675662,
180,Lying,6675372,6675681,
180,Lying,6675372,6675691,
180,Lying,6675372,6675709,
180,Lying,6675372,6675720,
180,Lying,6675372,6675733,
180,Lying,6675372,6675748,
180,Lying,6675372,6675762,
180,Lying,6675372,6675778,
180,Lying,6675372,6675791,
180,Lying,6675372,6675802,
180,Lying,6675372,6675817,
180,Lying,6675372,6675830,
180,Lying,6675372,6675844,
180,Lying,6675372,6675860,
180,Lying,6675372,6675872,
180,Lying,6675372,6675889,
180,Lying,6675372,6675902,
180,Lying,6675372,6675912,
180,Lying,6675372,6675928,
180,Lying,6675372,6675941,
180,Lying,6675372,6675957,
180,Lying,6675372,6675971,
180,Lying,6675372,6675983,
180,Lying,6675372,6675999,
180,Lying,6675372,6676013,
180,Lying,6675372,6676023,
180,Lying,6675372,6676039,
180,Lying,6675372,6676051,
180,Lying,6675372,6676068,
180,Lying,6675372,6676081,
180,Lying,6675372,6676097,
180,Lying,6675372,6676110,
180,Lying,6675372,6676120,
180,Lying,6675372,6676139,
180,Lying,6675372,6676150,
180,Lying,6675372,6676162,
180,Lying,6675372,6676178,
180,Lying,6675372,6676192,
180,Lying,6675372,6676207,
180,Lying,6675372,6676220,
180,Lying,6675372,6676231,
180,Lying,6675372,6676249,
180,Lying,6675372,6676260,
180,Lying,6675372,6676279,
180,Lying,6675372,6676289,
180,Lying,6677765,6677780,
180,Lying,6677765,6677793,
180,Lying,6677765,6677810,
180,Lying,6677765,6677833,
180,Lying,6677765,6677849,
180,Lying,6677765,6677862,
180,Lying,6677765,6677878,
180,Lying,6677765,6677894,
180,Lying,6677765,6677907,
180,Lying,6677765,6677922,
180,Lying,6677765,6677952,
180,Lying,6677765,6677965,
180,Lying,6677765,6677981,
180,Lying,6677765,6677994,
180,Lying,6677765,6678009,
180,Lying,6677765,6678023,
180,Lying,6677765,6678033,
180,Lying,6677765,6678049,
180,Lying,6677765,6678063,
180,Lying,6677765,6678078,
180,Lying,6677765,6678091,
180,Lying,6677765,6678105,
180,Lying,6677765,6678120,
180,Lying,6677765,6678133,
180,Lying,6677765,6678150,
180,Lying,6677765,6678160,
180,Lying,6677765,6678178,
180,Lying,6677765,6678189,
180,Lying,6677765,6678202,
180,Lying,6677765,6678218,
180,Lying,6677765,6678231,
180,Lying,6677765,6678244,
180,Lying,6677765,6678260,
180,Lying,6677765,6678270,
180,Lying,6677765,6678289,
180,Lying,6677765,6678299,
180,Lying,6677765,6678312,
180,Lying,6677765,6678329,
180,Lying,6677765,6678342,
180,Lying,6677765,6678358,
180,Lying,6677765,6678373,
180,Lying,6677765,6678386,
180,Lying,6677765,6678400,
180,Lying,6677765,6678410,
180,Lying,6677765,6678423,
180,Lying,6677765,6678439,
180,Lying,6677765,6678453,
180,Lying,6677765,6678468,
180,Lying,6677765,6678481,
180,Lying,6677765,6678497,
180,Lying,6677765,6678510,
180,Lying,6677765,6678521,
180,Lying,6677765,6678537,
180,Lying,6677765,6678550,
180,Lying,6677765,6678563,
180,Lying,6677765,6678579,
180,Lying,6677765,6678592,
180,Lying,6677765,6678607,
180,Lying,6677765,6678621,
180,Lying,6677765,6678637,
180,Lying,6677765,6678647,
180,Lying,6677765,6678661,
180,Lying,6677765,6678676,
180,Lying,6677765,6678689,
180,Lying,6677765,6678703,
180,Lying,6677765,6678719,
180,Lying,6677765,6678729,
180,Lying,6677765,6678748,
180,Lying,6677765,6678758,
180,Lying,6677765,6678776,
180,Lying,6677765,6678787,
180,Lying,6677765,6678800,
180,Lying,6677765,6678816,
180,Lying,6677765,6678830,
180,Lying,6677765,6678840,
180,Lying,6677765,6678858,
180,Lying,6677765,6678868,
180,Lying,6677765,6678887,
180,Lying,6677765,6678897,
180,Lying,6677765,6678910,
180,Lying,6677765,6678927,
180,Lying,6677765,6678940,
180,Lying,6677765,6678956,
180,Lying,6677765,6678969,
180,Lying,6677765,6678979,
180,Lying,6677765,6678995,
180,Lying,6677765,6679009,
180,Lying,6677765,6679024,
180,Lying,6677765,6679037,
180,Lying,6677765,6679051,
180,Lying,6677765,6679066,
180,Lying,6677765,6679079,
180,Lying,6677765,6679095,
180,Lying,6677765,6679106,
180,Lying,6677765,6679119,
180,Lying,6677765,6679135,
180,Lying,6677765,6679148,
180,Lying,6677765,6679161,
180,Lying,6677765,6679177,
180,Lying,6677765,6679190,
180,Lying,6677765,6679206,
180,Lying,6677765,6679217,
180,Lying,6677765,6679235,
180,Lying,6677765,6679245,
180,Lying,6677765,6679259,
180,Lying,6677765,6679274,
180,Lying,6677765,6679287,
180,Lying,6677765,6679299,
180,Lying,6677765,6679317,
180,Lying,6677765,6679327,
180,Lying,6677765,6679346,
180,Lying,6677765,6679356,
180,Lying,6677765,6679372,
180,Lying,6677765,6679386,
180,Lying,6677765,6679398,
180,Lying,6680774,6680790,
180,Lying,6680774,6680803,
180,Lying,6680774,6680816,
180,Lying,6680774,6680832,
180,Lying,6680774,6680843,
180,Lying,6680774,6680855,
180,Lying,6680774,6680871,
180,Lying,6680774,6680885,
180,Lying,6680774,6680898,
180,Lying,6680774,6680913,
180,Lying,6680774,6680924,
180,Lying,6680774,6680942,
180,Lying,6680774,6680953,
180,Lying,6680774,6680966,
180,Lying,6680774,6680982,
180,Lying,6680774,6680995,
180,Lying,6680774,6681011,
180,Lying,6680774,6681024,
180,Lying,6680774,6681040,
180,Lying,6680774,6681053,
180,Lying,6680774,6681064,
180,Lying,6680774,6681082,
180,Lying,6680774,6681093,
180,Lying,6680774,6681106,
180,Lying,6680774,6681121,
180,Lying,6680774,6681135,
180,Lying,6680774,6681151,
180,Lying,6680774,6681163,
180,Lying,6680774,6681180,
180,Lying,6680774,6681193,
180,Lying,6680774,6681203,
180,Lying,6680774,6681220,
180,Lying,6680774,6681232,
180,Lying,6680774,6681245,
180,Lying,6680774,6681262,
180,Lying,6680774,6681275,
180,Lying,6680774,6681290,
180,Lying,6680774,6681300,
180,Lying,6680774,6681314,
180,Lying,6680774,6681330,
180,Lying,6680774,6681342,
180,Lying,6680774,6681356,
180,Lying,6680774,6681372,
180,Lying,6680774,6681388,
180,Lying,6680774,6681401,
180,Lying,6680774,6681411,
180,Lying,6680774,6681424,
180,Lying,6680774,6681441,
180,Lying,6680774,6681454,
180,Lying,6680774,6681466,
180,Lying,6680774,6681483,
180,Lying,6680774,6681496,
180,Lying,6680774,6681511,
180,Lying,6680774,6681522,
180,Lying,6680774,6681540,
180,Lying,6680774,6681551,
180,Lying,6680774,6681565,
180,Lying,6680774,6681580,
180,Lying,6680774,6681593,
180,Lying,6680774,6681604,
180,Lying,6680774,6681622,
180,Lying,6680774,6681633,
180,Lying,6680774,6681652,
180,Lying,6680774,6681662,
180,Lying,6680774,6681675,
180,Lying,6680774,6681691,
180,Lying,6680774,6681704,
180,Lying,6680774,6681719,
180,Lying,6680774,6681733,
180,Lying,6680774,6681744,
180,Lying,6680774,6681762,
180,Lying,6680774,6681773,
180,Lying,6680774,6681788,
180,Lying,6680774,6681801,
180,Lying,6680774,6681815,
180,Lying,6680774,6681830,
180,Lying,6680774,6681843,
180,Lying,6680774,6681860,
180,Lying,6680774,6681870,
180,Lying,6680774,6681883,
180,Lying,6680774,6681899,
180,Lying,6680774,6681912,
180,Lying,6680774,6681928,
180,Lying,6680774,6681942,
180,Lying,6680774,6681954,
180,Lying,6680774,6681970,
180,Lying,6680774,6681980,
180,Lying,6680774,6681997,
180,Lying,6680774,6682009,
