Direction,Count,Time,TrunkPolar,TrunkAzimuth,TrunkPolar,TrunkAzimuth
135,1,7.176224,-6.271189,73.93587,0,0,
135,1,7.211268,-5.525229,73.73663,0,0,
135,1,7.233459,-5.266871,73.812,0,0,
135,1,7.257542,-5.1987,73.91698,0,0,
135,1,7.297884,-5.506028,74.03477,0,0,
135,1,7.325259,-5.923715,73.99103,0,0,
135,1,7.353837,-6.170628,74.0176,0,0,
135,1,7.383055,-6.282165,73.99722,0,0,
135,1,7.410862,-6.11694,73.9341,0,0,
135,1,7.439553,-5.896409,73.87536,0,0,
135,1,7.467676,-5.709317,73.88007,0,0,
135,1,7.495002,-5.671704,73.90276,0,0,
135,1,7.523478,-5.564797,73.84228,0,0,
135,1,7.551102,-5.505146,73.85331,0,0,
135,1,7.578784,-5.403195,73.90552,0,0,
135,1,7.606897,-5.462611,73.90421,0,0,
135,1,7.634473,-5.467883,73.87627,0,0,
135,1,7.662761,-5.395363,73.81699,0,0,
135,1,7.689948,-5.587241,73.93938,0,0,
135,1,7.718307,-5.715841,74.071,0,0,
135,1,7.747451,-5.561965,73.94688,0,0,
135,1,7.775499,-5.403239,73.92141,0,0,
135,1,7.800761,-5.987397,74.04322,0,0,
135,1,7.828207,-6.287981,74.22808,0,0,
135,1,7.856785,-5.885639,74.54385,0,0,
135,1,7.884693,-5.626647,74.8233,0,0,
135,1,7.911969,-5.479983,74.95892,0,0,
135,1,7.940234,-5.395146,75.20947,0,0,
135,1,7.967987,-4.756818,75.27681,0,0,
135,1,7.995821,-5.438674,75.82941,0,0,
135,1,8.023972,-4.198969,75.9145,0,0,
135,1,8.051359,-3.956745,75.61953,0,0,
135,1,8.07652,-3.778813,75.78379,0,0,
135,1,8.112556,1.066776,75.94118,0,0,
135,1,8.136667,3.867481,76.09354,0,0,
135,1,8.167794,9.321933,76.11308,0,0,
135,1,8.196138,9.227237,75.93365,0,0,
135,1,8.225454,12.16472,76.51727,0,0,
135,1,8.255438,14.3668,75.28816,0,0,
135,1,8.286048,15.12775,75.34219,0,0,
135,1,8.314441,16.30701,75.76121,0,0,
135,1,8.340759,14.10717,74.61408,0,0,
135,1,8.368217,13.50862,73.22131,0,0,
135,1,8.401195,11.35601,72.61629,0,0,
135,1,8.42847,10.49812,71.21017,0,0,
135,1,8.452933,9.955992,70.54924,0,0,
135,1,8.479413,9.237646,70.79739,0,0,
135,1,8.506693,7.855274,68.30091,0,0,
135,1,8.53545,7.078338,66.53262,0,0,
135,1,8.563247,7.836827,65.47153,0,0,
135,1,8.590977,7.57705,63.43828,0,0,
135,1,8.619602,7.119958,62.99939,0,0,
135,1,8.647619,7.972548,62.71875,0,0,
135,1,8.676068,9.454312,62.54962,0,0,
135,1,8.70335,10.2983,62.70288,0,0,
135,1,8.730739,12.54063,62.26959,0,0,
135,1,8.758615,14.99125,61.15513,0,0,
135,1,8.786566,17.50357,61.46558,0,0,
135,1,8.814554,21.77936,61.10864,0,0,
135,1,8.842937,23.75525,59.81412,0,0,
135,1,8.869049,25.83965,59.35825,0,0,
135,1,8.897412,27.7608,58.32032,0,0,
135,1,8.925718,28.35258,57.46976,0,0,
135,1,8.953442,29.09739,56.86015,0,0,
135,1,8.981438,28.86604,56.65641,0,0,
135,1,9.009522,29.34033,55.79482,0,0,
135,1,9.037227,29.26261,54.92534,0,0,
135,1,9.064427,29.76673,54.84584,0,0,
135,1,9.092538,31.47975,54.22802,0,0,
135,1,9.120049,31.25204,53.04251,0,0,
135,1,9.147825,30.99298,52.4982,0,0,
135,1,9.176104,31.66111,51.88594,0,0,
135,1,9.203881,31.17437,51.2239,0,0,
135,1,9.231137,31.16628,51.17388,0,0,
135,1,9.259594,30.98948,50.99134,0,0,
135,1,9.287426,30.42925,50.89974,0,0,
135,1,9.315178,30.24832,51.08469,0,0,
135,1,9.342507,29.82631,50.66385,0,0,
135,1,9.370312,29.06364,50.29789,0,0,
135,1,9.398552,29.10256,49.64416,0,0,
135,1,9.426662,28.98386,48.58156,0,0,
135,1,9.454253,29.14105,48.14721,0,0,
135,1,9.481637,29.27113,47.66764,0,0,
135,1,9.509127,29.46139,46.73543,0,0,
135,1,9.537669,29.47515,46.15216,0,0,
135,1,9.566159,29.51168,45.48851,0,0,
135,1,9.592797,29.89481,44.69638,0,0,
135,1,9.62045,29.97366,44.17364,0,0,
135,1,9.648127,30.06209,43.64061,0,0,
135,1,9.676965,30.50468,42.88607,0,0,
135,1,9.704182,30.62565,42.31356,0,0,
135,1,9.73167,30.88519,41.66208,0,0,
135,1,9.759624,31.02367,41.13651,0,0,
135,1,9.787176,31.24124,40.60401,0,0,
135,1,9.817101,31.82574,40.04436,0,0,
135,1,9.845138,31.95352,39.278,0,0,
135,1,9.870693,31.96756,38.58799,0,0,
135,2,14.07928,-0.4813893,70.86317,0,0,
135,2,14.10721,-0.4303315,70.56986,0,0,
135,2,14.13426,-0.5028951,70.68817,0,0,
135,2,14.16296,-0.4236813,70.74744,0,0,
135,2,14.20559,-0.3927431,70.6132,0,0,
135,2,14.23155,-0.4276986,70.9834,0,0,
135,2,14.25921,-0.6462476,70.70822,0,0,
135,2,14.28762,-0.1251469,70.80421,0,0,
135,2,14.31561,0.1824472,70.99517,0,0,
135,2,14.34281,-0.1604805,70.59353,0,0,
135,2,14.37136,0.1515706,71.25102,0,0,
135,2,14.39872,0.3802011,71.94044,0,0,
135,2,14.42744,0.4560108,71.99183,0,0,
135,2,14.45674,0.5834789,72.22971,0,0,
135,2,14.48275,0.3497603,72.19736,0,0,
135,2,14.50881,0.9249215,72.46513,0,0,
135,2,14.53692,0.901798,73.0272,0,0,
135,2,14.56472,1.903079,72.82401,0,0,
135,2,14.59304,4.200122,73.22165,0,0,
135,2,14.62102,5.587362,72.68594,0,0,
135,2,14.6483,8.434297,72.65715,0,0,
135,2,14.6778,10.20862,72.66782,0,0,
135,2,14.70435,13.16713,72.31664,0,0,
135,2,14.73187,16.0561,72.28839,0,0,
135,2,14.76001,18.07442,71.65602,0,0,
135,2,14.78744,21.5191,71.10444,0,0,
135,2,14.81527,23.81905,70.64124,0,0,
135,2,14.84589,26.44074,69.52838,0,0,
135,2,14.87147,28.63013,68.75634,0,0,
135,2,14.89825,30.73383,67.4408,0,0,
135,2,14.92728,32.24388,66.80553,0,0,
135,2,14.95343,33.46659,66.00095,0,0,
135,2,14.98371,34.26528,64.84143,0,0,
135,2,15.00876,34.51923,63.94262,0,0,
135,2,15.03625,35.29488,62.62728,0,0,
135,2,15.06498,34.96342,61.73829,0,0,
135,2,15.0923,35.38712,61.06527,0,0,
135,2,15.12106,35.56163,59.74024,0,0,
135,2,15.1488,35.38289,58.9412,0,0,
135,2,15.17661,35.27595,58.32899,0,0,
135,2,15.20423,34.82322,57.21172,0,0,
135,2,15.23179,34.30884,56.4681,0,0,
135,2,15.25995,33.73732,55.84999,0,0,
135,2,15.28765,33.83492,54.40653,0,0,
135,2,15.31541,33.98315,53.18674,0,0,
135,2,15.34361,33.2402,52.08947,0,0,
135,2,15.37137,32.92705,51.16419,0,0,
135,2,15.39887,33.44992,50.27705,0,0,
135,2,15.4267,33.46107,49.35185,0,0,
135,2,15.45459,33.03281,47.96748,0,0,
135,2,15.48257,32.66159,46.19607,0,0,
135,2,15.50996,31.89673,44.79768,0,0,
135,2,15.53838,31.4845,43.78328,0,0,
135,2,15.56554,31.10356,42.52924,0,0,
135,2,15.59334,29.94164,41.08389,0,0,
135,2,15.62205,28.51963,40.55925,0,0,
135,2,15.6483,27.79909,40.51887,0,0,
135,2,15.67684,27.63713,40.85253,0,0,
135,2,15.70461,27.7752,41.09421,0,0,
135,2,15.73208,28.20724,40.83573,0,0,
135,2,15.76037,28.14015,40.5154,0,0,
135,2,15.78791,28.82672,39.98201,0,0,
135,2,15.81618,29.88197,39.11352,0,0,
135,2,15.84431,30.27883,38.70312,0,0,
135,2,15.87097,31.28847,38.39328,0,0,
135,3,20.0734,0.9575744,69.51035,0,0,
135,3,20.10307,0.8616381,69.48264,0,0,
135,3,20.13198,0.7471197,69.49208,0,0,
135,3,20.1755,0.8716969,69.88744,0,0,
135,3,20.2029,0.3835647,69.72463,0,0,
135,3,20.23087,-0.6752579,69.87762,0,0,
135,3,20.25917,-1.301089,70.23351,0,0,
135,3,20.28757,-1.587566,70.30435,0,0,
135,3,20.31508,-2.096591,70.16694,0,0,
135,3,20.34469,-1.722864,70.03269,0,0,
135,3,20.37044,-2.076143,70.29658,0,0,
135,3,20.39861,-1.87825,70.38098,0,0,
135,3,20.42662,-1.665881,70.34962,0,0,
135,3,20.45468,-2.062728,70.17335,0,0,
135,3,20.48166,-2.079195,69.577,0,0,
135,3,20.50948,-2.533175,68.75065,0,0,
135,3,20.53774,-2.271219,68.17785,0,0,
135,3,20.56537,-2.809195,68.15946,0,0,
135,3,20.59334,-2.3372,68.06307,0,0,
135,3,20.62193,-2.029395,67.74364,0,0,
135,3,20.64816,-1.439483,67.60891,0,0,
135,3,20.67603,0.5648181,67.86046,0,0,
135,3,20.70437,2.112584,67.55664,0,0,
135,3,20.73157,4.247738,67.40125,0,0,
135,3,20.75975,5.116874,67.58035,0,0,
135,3,20.78787,7.113771,67.35464,0,0,
135,3,20.81594,9.469895,66.93933,0,0,
135,3,20.84309,11.63168,66.48252,0,0,
135,3,20.87077,14.07858,66.08286,0,0,
135,3,20.89933,15.42355,65.68787,0,0,
135,3,20.92672,17.0684,65.23425,0,0,
135,3,20.95658,18.10327,64.70676,0,0,
135,3,20.98205,18.89234,64.0805,0,0,
135,3,21.00896,20.31472,63.81026,0,0,
135,3,21.03781,21.03326,63.73293,0,0,
135,3,21.06663,22.07131,63.04953,0,0,
135,3,21.09262,23.21265,62.33514,0,0,
135,3,21.12097,23.70201,62.12831,0,0,
135,3,21.14911,24.21299,61.58246,0,0,
135,3,21.17613,24.47919,60.489,0,0,
135,3,21.20557,24.04958,59.82287,0,0,
135,3,21.23145,24.45341,59.09271,0,0,
135,3,21.25972,25.23363,58.05181,0,0,
135,3,21.28759,25.41039,56.94637,0,0,
135,3,21.3154,25.56284,56.31365,0,0,
135,3,21.34332,25.57295,55.74852,0,0,
135,3,21.3705,26.02666,55.24775,0,0,
135,3,21.40136,25.91637,55.20519,0,0,
135,3,21.42666,26.37608,55.06507,0,0,
135,3,21.45405,26.97755,54.85078,0,0,
135,3,21.4781,26.92706,54.81973,0,0,
135,3,21.51111,28.40746,54.08347,0,0,
135,3,21.53909,28.87997,53.3754,0,0,
135,3,21.5654,28.70774,52.5735,0,0,
135,3,21.59257,29.49994,51.7283,0,0,
135,3,21.62105,29.96092,51.10924,0,0,
135,3,21.64817,29.63618,50.36702,0,0,
135,3,21.67689,29.66862,49.51583,0,0,
135,3,21.70387,29.88003,48.96635,0,0,
135,3,21.73182,30.07178,48.74126,0,0,
135,3,21.76025,30.56324,48.0675,0,0,
135,3,21.78737,30.50282,47.4984,0,0,
135,3,21.81516,30.14811,47.21438,0,0,
135,3,21.84347,30.58565,46.74107,0,0,
135,3,21.87,31.0181,46.44602,0,0,
135,3,21.89862,30.978,46.06783,0,0,
135,3,21.92619,31.24383,45.47158,0,0,
135,3,21.9549,31.356,44.84056,0,0,
135,3,21.99659,31.56941,43.73348,0,0,
135,3,22.02507,32.41904,43.08493,0,0,
135,3,22.05185,32.61987,42.19768,0,0,
135,3,22.07928,32.61889,41.2898,0,0,
135,3,22.10701,33.03867,40.5631,0,0,
135,3,22.13504,32.90075,39.7118,0,0,
135,3,22.1624,32.93628,39.12965,0,0,
315,1,45.28432,-0.4271226,71.66327,0,0,
315,1,45.31197,-0.428956,71.61551,0,0,
315,1,45.34436,-0.4526551,71.58948,0,0,
315,1,45.36786,-0.4816208,71.61203,0,0,
315,1,45.39701,-0.5843976,71.66766,0,0,
315,1,45.42278,-0.5539017,71.66319,0,0,
315,1,45.45085,-0.5488286,71.62292,0,0,
315,1,45.47811,-0.6401579,71.61604,0,0,
315,1,45.50577,-0.6626267,71.57513,0,0,
315,1,45.53353,-0.6440401,71.56406,0,0,
315,1,45.56197,-0.6429045,71.59264,0,0,
315,1,45.58926,-0.6299038,71.48319,0,0,
315,1,45.61759,-0.627208,71.48234,0,0,
315,1,45.64581,-0.7527387,71.50957,0,0,
315,1,45.67298,-0.9381578,71.55944,0,0,
315,1,45.70146,-1.043542,71.53131,0,0,
315,1,45.72914,-1.127355,71.55914,0,0,
315,1,45.75789,-0.9398348,71.52875,0,0,
315,1,45.78534,-0.9682257,71.54087,0,0,
315,1,45.81222,-1.013627,71.83829,0,0,
315,1,45.84034,-0.9851539,72.33302,0,0,
315,1,45.86729,-1.082934,72.31477,0,0,
315,1,45.89613,-1.130511,72.3301,0,0,
315,1,45.9232,-1.132208,72.09933,0,0,
315,1,45.95056,-1.334635,71.8313,0,0,
315,1,45.98087,-1.724632,71.81754,0,0,
315,1,46.00621,-2.426042,72.05494,0,0,
315,1,46.03456,-2.637221,72.10621,0,0,
315,1,46.06213,-2.756542,72.16189,0,0,
315,1,46.09003,-2.910583,72.26746,0,0,
315,1,46.11822,-3.13261,72.4345,0,0,
315,1,46.14601,-3.598379,72.80686,0,0,
315,1,46.17314,-3.656424,73.0957,0,0,
315,1,46.20187,-3.674535,72.92427,0,0,
315,1,46.22886,-4.36624,72.97008,0,0,
315,1,46.25661,-4.457932,73.42553,0,0,
315,1,46.28503,-4.471888,73.70563,0,0,
315,1,46.3125,-4.309193,74.11269,0,0,
315,1,46.34008,-5.421045,74.47936,0,0,
315,1,46.36777,-6.339193,74.68414,0,0,
315,1,46.39721,-7.115234,75.15852,0,0,
315,1,46.42339,-9.17918,75.62484,0,0,
315,1,46.45106,-11.52407,76.05623,0,0,
315,1,46.47861,-13.20189,76.29209,0,0,
315,1,46.50684,-16.26686,76.14896,0,0,
315,1,46.53453,-18.57193,76.23702,0,0,
315,1,46.56447,-21.99574,76.07288,0,0,
315,1,46.58973,-26.52813,75.9176,0,0,
315,1,46.62006,-30.75929,75.96745,0,0,
315,1,46.64503,-33.38956,75.32056,0,0,
315,1,46.67415,-36.78856,74.80561,0,0,
315,1,46.70097,-40.03958,74.77656,0,0,
315,1,46.72887,-41.24001,74.55172,0,0,
315,1,46.75678,-44.27114,74.61315,0,0,
315,1,46.78486,-47.58379,74.3336,0,0,
315,1,46.81231,-50.11338,73.72916,0,0,
315,1,46.84129,-53.09253,73.22685,0,0,
315,1,46.86831,-55.89785,72.49498,0,0,
315,1,46.89569,-59.63162,71.90848,0,0,
315,1,46.92445,-63.03958,70.97977,0,0,
315,1,46.9512,-64.94227,69.70972,0,0,
315,1,46.98025,-68.13931,68.74403,0,0,
315,1,47.00697,-71.30367,67.66261,0,0,
315,1,47.03513,-74.56062,66.60403,0,0,
315,1,47.06305,-77.08791,65.75769,0,0,
315,1,47.09031,-78.99619,64.9957,0,0,
315,1,47.1184,-82.09648,64.6239,0,0,
315,1,47.14594,-84.66822,64.80379,0,0,
315,1,47.1744,-86.74105,64.80906,0,0,
315,1,47.20184,87.34271,65.2065,0,0,
315,1,47.2292,85.09944,65.94045,0,0,
315,1,47.25722,82.65726,65.83521,0,0,
315,1,47.28544,78.72583,65.35733,0,0,
315,1,47.31287,75.89993,64.70033,0,0,
315,1,47.34085,74.38857,63.66792,0,0,
315,1,47.36872,72.96865,62.61544,0,0,
315,1,47.3973,71.49337,61.37055,0,0,
315,1,47.42401,70.77866,60.3832,0,0,
315,1,47.4516,69.83308,59.3298,0,0,
315,1,47.47935,69.3587,58.72081,0,0,
315,1,47.50709,68.6814,58.47914,0,0,
315,2,55.31172,-5.24418,71.91883,0,0,
315,2,55.34485,-4.991579,71.22083,0,0,
315,2,55.36739,-5.039927,71.08245,0,0,
315,2,55.39558,-4.556293,70.81622,0,0,
315,2,55.42382,-4.532797,70.64215,0,0,
315,2,55.45325,-4.530488,70.88043,0,0,
315,2,55.47864,-4.355866,70.76737,0,0,
315,2,55.50823,-4.155445,70.50041,0,0,
315,2,55.53342,-3.915827,70.86037,0,0,
315,2,55.56189,-3.772995,70.7305,0,0,
315,2,55.5892,-4.282565,70.91425,0,0,
315,2,55.61729,-4.335673,71.52501,0,0,
315,2,55.64523,-4.831446,71.55556,0,0,
315,2,55.67306,-5.792793,72.07819,0,0,
315,2,55.70097,-6.55195,72.70718,0,0,
315,2,55.72915,-7.285028,72.57795,0,0,
315,2,55.7569,-9.661824,72.97476,0,0,
315,2,55.78418,-11.31365,73.51974,0,0,
315,2,55.8116,-11.75184,73.15739,0,0,
315,2,55.84198,-14.36332,73.35364,0,0,
315,2,55.86765,-17.43211,73.71413,0,0,
315,2,55.89486,-17.89754,73.50448,0,0,
315,2,55.92327,-20.00318,73.60565,0,0,
315,2,55.94988,-22.5733,73.63744,0,0,
315,2,55.97842,-23.30958,73.32576,0,0,
315,2,56.0065,-27.24245,73.44193,0,0,
315,2,56.03405,-31.69138,74.54246,0,0,
315,2,56.06215,-32.38116,74.62465,0,0,
315,2,56.08972,-35.74349,74.98328,0,0,
315,2,56.11816,-39.3633,75.65184,0,0,
315,2,56.14558,-40.2677,75.79478,0,0,
315,2,56.17275,-44.62178,76.41102,0,0,
315,2,56.20147,-49.15213,77.30549,0,0,
315,2,56.22844,-50.51734,77.17258,0,0,
315,2,56.25676,-54.08481,77.31785,0,0,
315,2,56.28458,-58.08667,77.81436,0,0,
315,2,56.31248,-57.31977,77.2764,0,0,
315,2,56.34021,-61.62437,77.00426,0,0,
315,2,56.36748,-67.11579,77.26701,0,0,
315,2,56.39594,-66.73333,76.39954,0,0,
315,2,56.42358,-69.81967,75.9379,0,0,
315,2,56.45274,-73.8681,76.04105,0,0,
315,2,56.47926,-73.33282,75.43709,0,0,
315,2,56.50817,-78.72971,75.36728,0,0,
315,2,56.53374,-83.86325,75.27303,0,0,
315,2,56.56216,-83.91872,74.50793,0,0,
315,2,56.58974,89.80008,74.10653,0,0,
315,2,56.62032,86.88958,73.47945,0,0,
315,2,56.646,86.1412,72.90856,0,0,
315,2,56.67261,81.98652,72.41264,0,0,
315,2,56.70139,79.26492,71.26533,0,0,
315,2,56.73012,78.07415,70.6989,0,0,
315,2,56.75551,75.31818,69.79278,0,0,
315,2,56.78374,74.91096,68.85687,0,0,
315,2,56.81163,74.27596,68.40836,0,0,
315,2,56.84011,70.19508,67.06953,0,0,
315,2,56.86682,67.96259,66.16273,0,0,
315,2,56.89528,68.29306,65.91787,0,0,
315,2,56.92338,67.82819,64.79248,0,0,
315,2,56.95069,66.96488,63.87717,0,0,
315,2,56.97959,66.69474,63.6435,0,0,
315,2,57.00629,66.10745,62.45292,0,0,
315,2,57.03428,66.60628,62.03825,0,0,
315,2,57.06187,65.88387,61.50221,0,0,
315,3,64.88156,-0.9775436,70.88541,0,0,
315,3,64.91066,-1.136018,70.46535,0,0,
315,3,64.93771,-1.179043,70.45606,0,0,
315,3,64.96452,-1.197206,70.44745,0,0,
315,3,64.99689,-1.449864,70.26589,0,0,
315,3,65.01988,-1.461197,70.28426,0,0,
315,3,65.0468,-1.393979,70.33665,0,0,
315,3,65.07466,-1.403089,70.09939,0,0,
315,3,65.10189,-1.242608,70.04991,0,0,
315,3,65.1293,-1.014596,70.12434,0,0,
315,3,65.1573,-0.9684951,69.99743,0,0,
315,3,65.18546,-0.948643,69.98058,0,0,
315,3,65.21259,-0.8016279,70.04237,0,0,
315,3,65.24056,-0.7929797,70.00365,0,0,
315,3,65.26921,-1.071682,69.94038,0,0,
315,3,65.29616,-1.066111,69.97252,0,0,
315,3,65.32358,-1.288845,70.55591,0,0,
315,3,65.3511,-1.902262,70.819,0,0,
315,3,65.3793,-2.545858,70.76524,0,0,
315,3,65.40733,-3.549898,71.144,0,0,
315,3,65.43509,-4.697101,71.48743,0,0,
315,3,65.46327,-5.716242,71.71683,0,0,
315,3,65.49333,-7.955992,72.17373,0,0,
315,3,65.51885,-11.88758,72.86091,0,0,
315,3,65.54782,-17.37904,73.83217,0,0,
315,3,65.57359,-23.25784,74.52588,0,0,
315,3,65.60037,-28.10496,74.96986,0,0,
315,3,65.62852,-34.28553,75.38928,0,0,
315,3,65.6567,-41.37434,75.68112,0,0,
315,3,65.68519,-47.03005,75.92043,0,0,
315,3,65.71274,-52.09884,75.8818,0,0,
315,3,65.74144,-56.21757,75.75346,0,0,
315,3,65.76852,-60.19415,75.73045,0,0,
315,3,65.7982,-65.6626,75.55376,0,0,
315,3,65.82462,-71.02831,75.36448,0,0,
315,3,65.85121,-74.51033,74.84775,0,0,
315,3,65.88007,-78.46106,74.2481,0,0,
315,3,65.90664,-84.27185,73.63048,0,0,
315,3,65.93459,88.57102,72.61349,0,0,
315,3,65.96297,84.0714,71.36935,0,0,
315,3,65.99278,80.24376,69.97524,0,0,
315,3,66.0181,77.42107,68.27686,0,0,
315,3,66.04617,74.08353,66.51017,0,0,
315,3,66.07365,71.67255,64.66919,0,0,
315,3,66.10191,69.79816,62.69714,0,0,
315,3,66.12951,67.91576,60.91333,0,0,
45,1,87.86503,-5.394436,68.9589,0,0,
45,1,87.89098,-5.392684,68.89521,0,0,
45,1,87.9323,-5.519877,68.9464,0,0,
45,1,87.96007,-5.550103,68.94752,0,0,
45,1,87.98779,-5.461671,68.9433,0,0,
45,1,88.01637,-5.462067,68.87756,0,0,
45,1,88.04467,-5.472333,68.90865,0,0,
45,1,88.0719,-5.526636,69.02948,0,0,
45,1,88.09982,-5.51854,69.01909,0,0,
45,1,88.12794,-5.412121,68.86295,0,0,
45,1,88.15585,-5.366266,68.81364,0,0,
45,1,88.18358,-5.398468,68.80211,0,0,
45,1,88.21162,-5.427147,68.87708,0,0,
45,1,88.23975,-5.439193,68.97639,0,0,
45,1,88.27055,-5.411671,68.94291,0,0,
45,1,88.29482,-5.384304,68.90681,0,0,
45,1,88.32265,-5.424892,68.86754,0,0,
45,1,88.34966,-5.488531,68.93847,0,0,
45,1,88.37739,-5.505806,68.87945,0,0,
45,1,88.40488,-5.548002,68.75892,0,0,
45,1,88.43319,-5.498966,68.76172,0,0,
45,1,88.46082,-5.599891,68.7542,0,0,
45,1,88.49006,-5.60383,68.7681,0,0,
45,1,88.51589,-5.501292,68.71925,0,0,
45,1,88.54436,-5.455788,68.64169,0,0,
45,1,88.57186,-5.514781,68.62759,0,0,
45,1,88.59988,-5.606241,68.68436,0,0,
45,1,88.62733,-5.706618,68.73616,0,0,
45,1,88.65533,-5.804303,68.68999,0,0,
45,1,88.68346,-5.89127,68.57053,0,0,
45,1,88.70574,-5.912448,68.60647,0,0,
45,1,88.73931,-5.980404,68.55948,0,0,
45,1,88.76678,-6.050779,68.46459,0,0,
45,1,88.79411,-6.078596,68.4147,0,0,
45,1,88.82209,-6.166961,68.34054,0,0,
45,1,88.84991,-6.221634,68.32083,0,0,
45,1,88.8801,-6.291629,68.31299,0,0,
45,1,88.91959,-6.477239,68.2514,0,0,
45,1,88.94643,-6.622378,68.28188,0,0,
45,1,88.97482,-6.712119,68.10459,0,0,
45,1,89.0033,-6.819415,67.97661,0,0,
45,1,89.0302,-6.954272,67.88409,0,0,
45,1,89.05888,-7.168976,67.8763,0,0,
45,1,89.08714,-7.301083,67.81242,0,0,
45,1,89.11387,-7.550738,67.63416,0,0,
45,1,89.14154,-7.999754,67.61756,0,0,
45,1,89.16962,-8.265874,67.71899,0,0,
45,1,89.19972,-8.753011,67.8944,0,0,
45,1,89.23852,-8.963871,67.75017,0,0,
45,1,89.26554,-9.27844,67.35485,0,0,
45,1,89.29446,-9.799106,67.27916,0,0,
45,1,89.32368,-9.922398,67.17518,0,0,
45,1,89.34904,-10.20088,66.70144,0,0,
45,1,89.37796,-10.52155,66.25634,0,0,
45,1,89.40563,-10.89381,66.08849,0,0,
45,1,89.43322,-11.66917,65.75866,0,0,
45,1,89.4614,-12.16492,65.18066,0,0,
45,1,89.4892,-12.81806,64.71416,0,0,
45,1,89.51869,-13.43179,64.62005,0,0,
45,1,89.54459,-13.73175,64.58469,0,0,
45,1,89.57214,-14.20438,64.39378,0,0,
45,1,89.59978,-14.53432,64.23383,0,0,
45,1,89.62801,-14.89565,64.1279,0,0,
45,1,89.6577,-15.22684,63.92685,0,0,
45,1,89.68298,-15.78884,63.73413,0,0,
45,1,89.71026,-16.03469,63.55181,0,0,
45,1,89.73978,-16.25919,63.34175,0,0,
45,1,89.76668,-17.2449,62.93407,0,0,
45,1,89.79496,-17.76289,62.38787,0,0,
45,1,89.82247,-18.85272,61.80907,0,0,
45,1,89.84971,-19.63399,61.52205,0,0,
45,1,89.87846,-20.38716,61.12174,0,0,
45,1,89.90903,-21.62641,60.39459,0,0,
45,1,89.93556,-23.30948,59.81971,0,0,
45,1,89.97522,-24.77221,58.7567,0,0,
45,1,90.00163,-25.27508,57.85149,0,0,
45,1,90.02965,-26.09291,57.33382,0,0,
45,1,90.05817,-27.12142,56.36601,0,0,
45,1,90.08606,-27.83936,55.29089,0,0,
45,1,90.11359,-28.60678,54.03945,0,0,
45,1,90.1418,-28.59513,53.11308,0,0,
45,1,90.16996,-28.96103,51.93336,0,0,
45,1,90.19763,-30.38062,50.94413,0,0,
45,1,90.22548,-30.77024,50.37753,0,0,
45,1,90.25273,-31.51406,49.37443,0,0,
45,1,90.28124,-33.05274,48.08688,0,0,
45,1,90.30843,-33.06873,47.79997,0,0,
45,1,90.33698,-32.92785,47.07815,0,0,
45,1,90.36494,-33.67848,46.4902,0,0,
45,1,90.39252,-33.94788,46.19932,0,0,
45,1,90.42111,-33.82004,45.61302,0,0,
45,1,90.44776,-34.13607,44.62403,0,0,
45,1,90.47552,-34.14788,43.5881,0,0,
45,1,90.50357,-33.89801,42.51263,0,0,
45,1,90.53086,-33.72817,41.55687,0,0,
45,1,90.55933,-33.64392,40.58686,0,0,
45,1,90.58699,-33.8208,39.87226,0,0,
45,1,90.61469,-34.13996,38.72952,0,0,
45,1,90.64272,-33.87099,37.6594,0,0,
45,2,95.03104,-5.035238,72.51456,0,0,
45,2,95.05878,-4.763222,72.49207,0,0,
45,2,95.08985,-4.516789,72.43457,0,0,
45,2,95.12876,-4.507201,72.28408,0,0,
45,2,95.15698,-4.356101,72.20538,0,0,
45,2,95.18391,-4.276294,72.18856,0,0,
45,2,95.21131,-4.331318,72.17495,0,0,
45,2,95.23939,-4.366468,72.14185,0,0,
45,2,95.26785,-4.584221,72.1367,0,0,
45,2,95.29589,-4.896646,72.01424,0,0,
45,2,95.32297,-5.25738,72.02731,0,0,
45,2,95.35116,-5.490333,71.90721,0,0,
45,2,95.37877,-5.923012,71.72212,0,0,
45,2,95.40694,-6.303933,71.78468,0,0,
45,2,95.43866,-6.30915,71.67385,0,0,
45,2,95.46223,-6.593801,71.5334,0,0,
45,2,95.49153,-6.810604,71.43108,0,0,
45,2,95.51844,-6.771987,71.24605,0,0,
45,2,95.54639,-7.325725,71.15321,0,0,
45,2,95.57323,-7.153924,70.9754,0,0,
45,2,95.60128,-7.809155,70.70058,0,0,
45,2,95.6292,-7.864552,70.35461,0,0,
45,2,95.65656,-7.517201,70.248,0,0,
45,2,95.68411,-8.366957,69.64398,0,0,
45,2,95.71212,-9.909699,69.36815,0,0,
45,2,95.74032,-12.48712,69.13082,0,0,
45,2,95.76769,-15.61993,68.05266,0,0,
45,2,95.79557,-18.5039,67.30427,0,0,
45,2,95.82368,-22.38386,66.23792,0,0,
45,2,95.85105,-24.72309,64.90487,0,0,
45,2,95.87872,-26.6412,63.25294,0,0,
45,2,95.90639,-29.6323,61.63089,0,0,
45,2,95.93429,-30.66462,60.62869,0,0,
45,2,95.95735,-31.37113,60.01107,0,0,
45,2,95.99079,-33.14119,58.61796,0,0,
45,2,96.01768,-33.53514,57.55289,0,0,
45,2,96.04551,-34.66166,55.90822,0,0,
45,2,96.07243,-35.00578,54.39088,0,0,
45,2,96.12218,-35.96656,52.68731,0,0,
45,2,96.1429,-37.13042,49.68843,0,0,
45,2,96.17426,-36.62942,48.74184,0,0,
45,2,96.20085,-37.03355,47.45513,0,0,
45,2,96.2265,-37.56534,46.11774,0,0,
45,2,96.25668,-37.4533,45.40654,0,0,
45,2,96.2818,-37.92544,44.2806,0,0,
45,2,96.30748,-38.36073,43.09005,0,0,
45,2,96.33547,-38.31977,42.18217,0,0,
45,2,96.36173,-38.57397,41.23328,0,0,
45,2,96.39012,-38.94831,39.70375,0,0,
45,2,96.41993,-38.44016,39.24985,0,0,
45,2,96.44525,-38.17838,38.34693,0,0,
45,2,96.47308,-38.09841,37.53897,0,0,
45,2,96.50076,-37.71587,37.37215,0,0,
45,2,96.52871,-37.5371,36.99326,0,0,
45,2,96.55684,-37.21409,36.52085,0,0,
45,3,100.0364,-3.985502,70.43621,0,0,
45,3,100.059,-3.932807,70.28187,0,0,
45,3,100.0883,-3.981102,70.19072,0,0,
45,3,100.1171,-4.05268,70.30045,0,0,
45,3,100.1425,-4.181815,70.35761,0,0,
45,3,100.1751,-4.441585,70.36328,0,0,
45,3,100.1978,-4.611615,70.60736,0,0,
45,3,100.2249,-4.825859,70.62829,0,0,
45,3,100.2526,-5.057728,70.38743,0,0,
45,3,100.2807,-5.067625,70.31676,0,0,
45,3,100.3101,-5.194541,70.2594,0,0,
45,3,100.336,-5.366372,70.18673,0,0,
45,3,100.3632,-5.354707,70.19602,0,0,
45,3,100.395,-5.572171,70.13068,0,0,
45,3,100.4194,-5.738882,70.12426,0,0,
45,3,100.4464,-5.814985,70.0807,0,0,
45,3,100.475,-6.091429,69.91084,0,0,
45,3,100.5025,-6.851068,70.02808,0,0,
45,3,100.53,-7.226198,70.22365,0,0,
45,3,100.5582,-8.143997,70.21449,0,0,
45,3,100.5861,-8.426348,70.23522,0,0,
45,3,100.6138,-8.676925,70.17891,0,0,
45,3,100.6416,-9.103225,70.02426,0,0,
45,3,100.6695,-9.901558,70.02035,0,0,
45,3,100.6985,-11.32019,69.83978,0,0,
45,3,100.7253,-13.42113,69.59512,0,0,
45,3,100.7522,-14.74977,69.07111,0,0,
45,3,100.7812,-16.7289,68.19889,0,0,
45,3,100.8084,-19.2373,67.54173,0,0,
45,3,100.8356,-21.08538,66.71911,0,0,
45,3,100.8643,-23.46606,65.5591,0,0,
45,3,100.8912,-25.15798,64.88924,0,0,
45,3,100.9341,-28.63166,63.19204,0,0,
45,3,100.9622,-30.9901,61.89825,0,0,
45,3,100.9895,-32.96135,60.55114,0,0,
45,3,101.0176,-34.71688,59.10463,0,0,
45,3,101.0461,-36.39148,57.72583,0,0,
45,3,101.0744,-37.02756,56.31718,0,0,
45,3,101.1006,-38.00761,55.14869,0,0,
45,3,101.1265,-38.60731,54.39724,0,0,
45,3,101.1547,-39.01216,52.72955,0,0,
45,3,101.1832,-38.79399,51.34644,0,0,
45,3,101.2102,-38.83303,49.587,0,0,
45,3,101.2391,-38.60021,47.50932,0,0,
45,3,101.2666,-37.99917,45.71777,0,0,
45,3,101.2949,-38.02755,43.72833,0,0,
45,3,101.3215,-37.43616,41.96937,0,0,
45,3,101.3497,-36.6172,40.09134,0,0,
45,3,101.3777,-36.15488,38.53492,0,0,
0,0,101.4054,-35.82231,37.5047,0,0,
0,1,140.4164,-2.523005,69.50132,0,0,
0,1,140.4446,-2.501971,69.52852,0,0,
0,1,140.4715,-2.446846,69.50119,0,0,
0,1,140.4919,-2.436785,69.46004,0,0,
0,1,140.5139,-2.443127,69.44072,0,0,
0,1,140.5453,-2.43105,69.4725,0,0,
0,1,140.5695,-2.408094,69.48423,0,0,
0,1,140.5986,-2.465664,69.51572,0,0,
0,1,140.6255,-2.466824,69.53466,0,0,
0,1,140.6532,-2.429176,69.51697,0,0,
0,1,140.6806,-2.404364,69.53803,0,0,
0,1,140.7084,-2.392712,69.54413,0,0,
0,1,140.7365,-2.446887,69.51402,0,0,
0,1,140.7646,-2.44993,69.48734,0,0,
0,1,140.7943,-2.46602,69.46182,0,0,
0,1,140.8204,-2.466392,69.48782,0,0,
0,1,140.8468,-2.546278,69.52438,0,0,
0,1,140.8737,-2.568073,69.55914,0,0,
0,1,140.9031,-2.552574,69.54875,0,0,
0,1,140.9335,-2.591181,69.5684,0,0,
0,1,140.9594,-2.666621,69.66117,0,0,
0,1,140.998,-2.953519,69.96332,0,0,
0,1,141.0255,-3.157512,70.13139,0,0,
0,1,141.0538,-3.37973,70.22713,0,0,
0,1,141.0822,-3.987435,70.52241,0,0,
0,1,141.1101,-4.633463,71.0099,0,0,
0,1,141.138,-5.225025,71.35139,0,0,
0,1,141.1663,-6.352678,71.7249,0,0,
0,1,141.194,-7.715774,72.11508,0,0,
0,1,141.2218,-9.053491,72.1801,0,0,
0,1,141.2497,-13.30635,72.52396,0,0,
0,1,141.2769,-17.13222,72.18343,0,0,
0,1,141.3051,-22.46793,71.63082,0,0,
0,1,141.3325,-32.72979,70.10557,0,0,
0,1,141.3607,-35.25097,69.12598,0,0,
0,1,141.3877,-40.13744,67.08913,0,0,
0,1,141.4164,-43.58806,65.41079,0,0,
0,1,141.4444,-46.06655,63.38741,0,0,
0,1,141.4717,-48.86768,61.04189,0,0,
0,1,141.5,-51.50825,58.78276,0,0,
0,1,141.5274,-53.30875,55.59339,0,0,
0,1,141.5555,-54.47377,52.76864,0,0,
0,1,141.5827,-55.57685,49.4506,0,0,
0,1,141.6109,-56.4103,46.41891,0,0,
0,1,141.6385,-57.68485,43.93517,0,0,
0,1,141.6666,-59.65129,39.99866,0,0,
0,1,141.694,-60.77091,37.41496,0,0,
0,1,141.7221,-61.74976,35.4928,0,0,
0,1,141.7495,-62.80704,33.57549,0,0,
0,1,141.778,-63.73094,33.12609,0,0,
0,1,141.8053,-64.9723,33.40857,0,0,
0,1,141.8329,-65.94287,33.8447,0,0,
0,1,141.8676,-66.77108,34.18791,0,0,
0,1,141.8914,-67.55277,34.37727,0,0,
0,1,141.9344,-69.12467,34.91177,0,0,
0,1,141.9582,-69.9159,35.5231,0,0,
0,1,141.9848,-70.01589,36.47081,0,0,
0,1,142.0148,-69.53243,37.13393,0,0,
0,1,142.0415,-69.34635,37.22868,0,0,
0,1,142.068,-69.32962,37.2009,0,0,
0,1,142.0964,-69.3599,36.98272,0,0,
0,1,142.1243,-69.72968,36.25481,0,0,
0,1,142.1522,-70.689,35.00428,0,0,
0,1,142.1802,-71.77385,33.47477,0,0,
0,1,142.2078,-73.3884,32.3132,0,0,
0,1,142.2357,-74.64551,31.62297,0,0,
0,1,142.2632,-75.49445,31.23849,0,0,
0,1,142.2923,-76.46812,31.40823,0,0,
0,1,142.3195,-76.87414,31.8603,0,0,
0,1,142.3472,-76.49686,32.65392,0,0,
0,1,142.3744,-76.55821,33.75813,0,0,
0,1,142.4029,-76.74081,35.04285,0,0,
0,2,144.6946,-5.407725,69.31662,0,0,
0,2,144.7221,-5.376337,69.33803,0,0,
0,2,144.7546,-5.355309,69.33521,0,0,
0,2,144.7791,-5.309489,69.29008,0,0,
0,2,144.82,-5.351299,69.26338,0,0,
0,2,144.8467,-5.425978,69.29877,0,0,
0,2,144.8748,-5.45154,69.25389,0,0,
0,2,144.9024,-5.373464,69.18864,0,0,
0,2,144.9296,-5.321056,69.15687,0,0,
0,2,144.9579,-5.196428,69.09225,0,0,
0,2,144.986,-5.164562,69.09483,0,0,
0,2,145.0144,-5.118956,69.14642,0,0,
0,2,145.0439,-5.165798,69.25105,0,0,
0,2,145.0712,-5.252348,69.26395,0,0,
0,2,145.0977,-5.411055,69.34117,0,0,
0,2,145.1228,-5.271334,69.5692,0,0,
0,2,145.1503,-5.991393,69.99667,0,0,
0,2,145.1789,-6.575705,70.5443,0,0,
0,2,145.2071,-7.823375,71.4589,0,0,
0,2,145.235,-10.21585,72.37169,0,0,
0,2,145.2634,-13.25777,73.02336,0,0,
0,2,145.2911,-20.02678,73.26791,0,0,
0,2,145.3187,-29.78828,72.20141,0,0,
0,2,145.3473,-38.92208,70.54164,0,0,
0,2,145.3744,-47.82457,67.77865,0,0,
0,2,145.4021,-55.95691,64.2009,0,0,
0,2,145.4302,-60.30867,59.96794,0,0,
0,2,145.4577,-63.70026,54.28852,0,0,
0,2,145.4883,-66.01951,49.29782,0,0,
0,2,145.5141,-67.34579,43.63333,0,0,
0,2,145.5403,-68.13734,38.80875,0,0,
0,2,145.5683,-69.56198,34.907,0,0,
0,2,145.5965,-71.30203,31.66474,0,0,
0,2,145.624,-71.93427,29.94367,0,0,
0,2,145.6519,-72.7921,28.76184,0,0,
0,2,145.68,-73.8759,28.28524,0,0,
0,2,145.7071,-74.82803,27.98697,0,0,
0,2,145.7357,-74.85925,27.60772,0,0,
0,2,145.7634,-75.40863,26.89966,0,0,
0,2,145.7917,-75.99091,25.82754,0,0,
0,2,145.8197,-76.59517,24.53759,0,0,
0,2,145.8472,-76.68276,23.38213,0,0,
0,2,145.8705,-76.34619,23.18086,0,0,
0,2,145.9043,-75.95573,23.10592,0,0,
0,2,145.9304,-75.1989,24.31544,0,0,
0,2,145.9584,-74.08014,26.42064,0,0,
0,2,145.9872,-73.0514,28.28615,0,0,
0,2,146.0132,-72.16177,29.80769,0,0,
0,2,146.0409,-70.8267,31.49255,0,0,
0,2,146.0711,-69.85642,32.768,0,0,
0,2,146.0968,-69.81119,33.9602,0,0,
0,2,146.1237,-69.80272,34.97248,0,0,
0,2,146.1517,-70.38365,35.15934,0,0,
0,2,146.1799,-71.60361,36.04131,0,0,
0,3,149.5679,-1.241585,69.0428,0,0,
0,3,149.5956,-1.319632,68.93954,0,0,
0,3,149.6233,-1.391227,68.87791,0,0,
0,3,149.6509,-1.46354,68.86015,0,0,
0,3,149.6825,-1.591439,68.83858,0,0,
0,3,149.7202,-1.890891,68.81863,0,0,
0,3,149.7476,-2.001918,68.83392,0,0,
0,3,149.7756,-2.061751,68.89804,0,0,
0,3,149.8041,-2.175937,68.85346,0,0,
0,3,149.8331,-2.463573,68.92671,0,0,
0,3,149.8595,-2.94254,69.61925,0,0,
0,3,149.8881,-3.674246,70.35803,0,0,
0,3,149.9081,-4.352123,70.55374,0,0,
0,3,149.9293,-5.513361,71.13156,0,0,
0,3,149.9564,-6.932282,71.55439,0,0,
0,3,149.9843,-9.205805,71.64846,0,0,
0,3,150.0124,-12.28374,71.68391,0,0,
0,3,150.0429,-16.6288,71.10632,0,0,
0,3,150.0687,-21.18093,70.60785,0,0,
0,3,150.095,-26.43981,70.26958,0,0,
0,3,150.123,-32.34425,69.22609,0,0,
0,3,150.1519,-37.81764,67.5202,0,0,
0,3,150.1783,-41.82633,66.01167,0,0,
0,3,150.2066,-45.71201,64.14355,0,0,
0,3,150.2344,-49.06758,62.33206,0,0,
0,3,150.2622,-52.93296,60.47718,0,0,
0,3,150.2898,-55.90495,58.22155,0,0,
0,3,150.3183,-59.38748,55.43449,0,0,
0,3,150.3458,-62.38057,52.56256,0,0,
0,3,150.3745,-64.72874,49.65369,0,0,
0,3,150.4013,-66.70213,47.12022,0,0,
0,3,150.4293,-68.82618,44.12582,0,0,
0,3,150.4573,-70.76701,41.77859,0,0,
0,3,150.485,-72.00465,39.5305,0,0,
270,1,162.1413,-3.543475,70.76604,0,0,
270,1,162.1706,-3.533087,70.78047,0,0,
270,1,162.1951,-3.555403,70.77831,0,0,
270,1,162.2222,-3.60029,70.76647,0,0,
270,1,162.2486,-3.622631,70.75725,0,0,
270,1,162.277,-3.52191,70.72596,0,0,
270,1,162.3045,-3.460928,70.71413,0,0,
270,1,162.3319,-3.37663,70.67179,0,0,
270,1,162.362,-3.339581,70.64228,0,0,
270,1,162.388,-3.345795,70.63899,0,0,
270,1,162.4147,-3.304919,70.65865,0,0,
270,1,162.4368,-3.352655,70.68827,0,0,
270,1,162.4699,-3.418547,70.73389,0,0,
270,1,162.4976,-3.386493,70.75372,0,0,
270,1,162.5251,-3.404722,70.73938,0,0,
270,1,162.5534,-3.401915,70.71555,0,0,
270,1,162.581,-3.356043,70.71983,0,0,
270,1,162.609,-3.317575,70.71208,0,0,
270,1,162.6376,-3.273092,70.6293,0,0,
270,1,162.6644,-3.271645,70.62014,0,0,
270,1,162.6922,-3.276376,70.68968,0,0,
270,1,162.7207,-3.207963,70.76532,0,0,
270,1,162.7482,-3.128803,70.80855,0,0,
270,1,162.7803,-3.098788,70.80332,0,0,
270,1,162.8042,-3.087226,70.80154,0,0,
270,1,162.8333,-3.063498,70.80409,0,0,
270,1,162.8605,-2.747351,70.79472,0,0,
270,1,162.8872,-2.64406,70.90976,0,0,
270,1,162.916,-2.378127,71.61982,0,0,
270,1,162.9452,-2.114512,72.21072,0,0,
270,1,162.9708,-2.43146,72.71271,0,0,
270,1,162.9979,-2.65318,73.85596,0,0,
270,1,163.0244,-2.759035,74.62227,0,0,
270,1,163.0529,-3.067923,74.94767,0,0,
270,1,163.0806,-2.911516,75.71862,0,0,
270,1,163.1095,-4.391692,76.79216,0,0,
270,1,163.1367,-7.758595,78.37943,0,0,
270,1,163.1641,-8.847743,80.13999,0,0,
270,1,163.1923,-13.41167,82.09152,0,0,
270,1,163.2203,-17.27659,83.95224,0,0,
270,1,163.248,-23.94855,85.78928,0,0,
270,1,163.2758,-44.37379,87.71262,0,0,
270,1,163.3052,56.49729,88.75008,0,0,
270,1,163.331,10.62681,87.06188,0,0,
270,1,163.3586,1.112684,84.79485,0,0,
270,1,163.3885,-4.757617,82.41998,0,0,
270,1,163.4147,-4.922132,80.05244,0,0,
270,1,163.4442,-5.167545,77.99523,0,0,
270,2,165.6221,-3.35835,70.97037,0,0,
270,2,165.6491,-3.312164,70.95332,0,0,
270,2,165.683,-3.230217,70.92089,0,0,
270,2,165.7055,-3.225955,70.86111,0,0,
270,2,165.7332,-3.053408,70.76337,0,0,
270,2,165.761,-3.015563,70.60415,0,0,
270,2,165.7888,-2.998382,70.50457,0,0,
270,2,165.8196,-3.023072,70.5027,0,0,
270,2,165.8461,-2.969183,70.53745,0,0,
270,2,165.8721,-3.001578,70.58373,0,0,
270,2,165.8993,-2.946546,70.56545,0,0,
270,2,165.9276,-2.951737,70.50099,0,0,
270,2,165.9555,-3.031351,70.50603,0,0,
270,2,165.9835,-2.857979,70.55458,0,0,
270,2,166.0107,-3.030961,70.48121,0,0,
270,2,166.0386,-3.533958,70.51723,0,0,
270,2,166.0665,-3.377769,70.78403,0,0,
270,2,166.0941,-3.659363,71.29901,0,0,
270,2,166.1221,-3.589765,71.67492,0,0,
270,2,166.1499,-3.528827,72.07034,0,0,
270,2,166.1783,-3.972025,72.9231,0,0,
270,2,166.2061,-3.405749,73.80157,0,0,
270,2,166.234,-3.125492,74.85382,0,0,
270,2,166.2616,-2.497941,76.28639,0,0,
270,2,166.2888,-0.9499676,77.99304,0,0,
270,2,166.3177,-1.456827,79.46745,0,0,
270,2,166.3468,-1.932174,82.03001,0,0,
270,2,166.389,-2.412098,85.86431,0,0,
270,2,166.4299,40.4479,89.7693,0,0,
270,2,166.455,0.9032673,87.03548,0,0,
270,2,166.4819,1.778697,84.10928,0,0,
270,2,166.5096,0.7597518,81.63255,0,0,
270,2,166.538,1.337766,79.41306,0,0,
270,3,168.3018,-2.223811,70.56606,0,0,
270,3,168.3292,-2.218628,70.64215,0,0,
270,3,168.3578,-2.118355,70.70722,0,0,
270,3,168.3844,-2.177047,70.53339,0,0,
270,3,168.4115,-2.061182,70.35836,0,0,
270,3,168.454,-1.90017,70.4626,0,0,
270,3,168.4815,-1.963282,70.63739,0,0,
270,3,168.5121,-1.762636,71.18703,0,0,
270,3,168.5383,-1.636881,71.73953,0,0,
270,3,168.5678,-2.125728,72.49539,0,0,
270,3,168.5935,-2.45653,73.18113,0,0,
270,3,168.6194,-2.84465,73.76966,0,0,
270,3,168.6474,-4.248559,74.5652,0,0,
270,3,168.6764,-5.935796,75.63886,0,0,
270,3,168.7037,-8.493782,77.04105,0,0,
270,3,168.7314,-13.33033,78.97739,0,0,
270,3,168.7593,-19.4815,80.9697,0,0,
270,3,168.7878,-26.92583,83.24834,0,0,
270,3,168.8156,-43.90936,85.32387,0,0,
270,3,168.8434,-83.73853,86.71831,0,0,
270,3,168.8711,45.41032,85.99205,0,0,
270,3,168.8992,23.5037,83.91299,0,0,
270,3,168.9268,13.22203,81.36697,0,0,
270,3,168.9546,6.939464,78.91077,0,0,
90,1,190.663,-1.268866,71.14849,0,0,
90,1,190.7041,-1.222085,71.28638,0,0,
90,1,190.7316,-1.270613,71.27631,0,0,
90,1,190.7595,-1.292797,71.30303,0,0,
90,1,190.7894,-1.17263,71.2646,0,0,
90,1,190.8165,-1.259607,71.30956,0,0,
90,1,190.843,-1.206503,71.3091,0,0,
90,1,190.8695,-1.17498,71.30233,0,0,
90,1,190.8987,-1.144039,71.2973,0,0,
90,1,190.9258,-1.14105,71.28821,0,0,
90,1,190.9546,-1.123103,71.36694,0,0,
90,1,190.9821,-1.109982,71.371,0,0,
90,1,191.0098,-1.072943,71.36646,0,0,
90,1,191.0374,-1.062774,71.39492,0,0,
90,1,191.0646,-1.02627,71.42658,0,0,
90,1,191.0925,-1.079968,71.40185,0,0,
90,1,191.1209,-1.064842,71.25655,0,0,
90,1,191.1486,-1.071687,71.11258,0,0,
90,1,191.1763,-1.105445,70.77885,0,0,
90,1,191.204,-1.11992,70.08608,0,0,
90,1,191.2317,-1.252091,69.91234,0,0,
90,1,191.2624,-1.206034,69.93056,0,0,
90,1,191.2893,-1.021319,69.23489,0,0,
90,1,191.3155,-1.064722,68.61353,0,0,
90,1,191.3422,-1.062778,68.15802,0,0,
90,1,191.3697,-0.9392908,67.50103,0,0,
90,1,191.3982,-0.8288295,67.02633,0,0,
90,1,191.4263,-0.7179449,66.4447,0,0,
90,1,191.4537,-0.7015011,65.75541,0,0,
90,1,191.4818,-0.6957178,65.31251,0,0,
90,1,191.5104,-0.765069,65.06583,0,0,
90,1,191.5374,-0.832356,64.98677,0,0,
90,1,191.5649,-0.6928964,64.71009,0,0,
90,1,191.5926,-0.5025859,64.08561,0,0,
90,1,191.6209,-0.4136035,63.23649,0,0,
90,1,191.6481,-0.3763843,62.43923,0,0,
90,1,191.6775,-0.2825212,61.70875,0,0,
90,1,191.7039,-0.1509411,61.35343,0,0,
90,1,191.7317,-0.1612315,60.85936,0,0,
90,1,191.7593,-0.1528506,60.20188,0,0,
90,1,191.7883,-0.0736897,59.62072,0,0,
90,1,191.8148,-0.2484725,58.86102,0,0,
90,1,191.8435,-0.3931453,56.9152,0,0,
90,1,191.8705,-0.7326674,54.514,0,0,
90,1,191.8979,-0.6841085,52.40718,0,0,
90,1,191.9261,-0.8498507,50.22738,0,0,
90,1,191.9541,-1.204993,48.00154,0,0,
90,1,191.9817,-1.133689,46.39362,0,0,
90,1,192.0092,-1.288288,45.99512,0,0,
90,1,192.0377,-1.664818,45.44456,0,0,
90,1,192.0654,-1.524432,45.06378,0,0,
90,1,192.0928,-1.422885,44.89694,0,0,
90,1,192.1208,-1.549699,44.0695,0,0,
90,1,192.1487,-1.241674,43.83914,0,0,
90,2,194.0508,-1.552666,69.69431,0,0,
90,2,194.0789,-1.618037,69.74158,0,0,
90,2,194.1066,-1.429667,69.77483,0,0,
90,2,194.1343,-1.588201,69.91221,0,0,
90,2,194.1622,-1.690043,70.07801,0,0,
90,2,194.1905,-1.634907,70.29581,0,0,
90,2,194.2317,-1.739402,70.53525,0,0,
90,2,194.2593,-1.604306,70.39647,0,0,
90,2,194.2879,-1.655071,70.32057,0,0,
90,2,194.315,-1.648915,70.44936,0,0,
90,2,194.3425,-1.548845,70.271,0,0,
90,2,194.3705,-1.495819,69.98217,0,0,
90,2,194.399,-1.346521,69.83479,0,0,
90,2,194.4263,-1.227512,69.12678,0,0,
90,2,194.4538,-1.257575,68.02152,0,0,
90,2,194.4818,-1.093465,67.45393,0,0,
90,2,194.5091,-0.8973587,66.72,0,0,
90,2,194.538,-0.9171059,65.05651,0,0,
90,2,194.5648,-0.8547971,63.73388,0,0,
90,2,194.5923,-0.7497783,63.25185,0,0,
90,2,194.6211,-0.8279297,62.45143,0,0,
90,2,194.6484,-0.7651539,61.36369,0,0,
90,2,194.6765,-0.6570609,60.28122,0,0,
90,2,194.7045,-0.6123762,58.99435,0,0,
90,2,194.7319,-0.5193384,57.775,0,0,
90,2,194.7595,-0.48053,56.52843,0,0,
90,2,194.7874,-0.4386652,55.26722,0,0,
90,2,194.8179,-0.3470595,54.06105,0,0,
90,2,194.8437,-0.3507152,52.83143,0,0,
90,2,194.87,-0.3254266,51.46451,0,0,
90,2,194.8977,-0.2714889,50.25133,0,0,
90,2,194.9259,-0.2260277,48.82603,0,0,
90,2,194.9535,-0.3064175,47.22989,0,0,
90,2,194.9821,0.05053043,46.07682,0,0,
90,2,195.0092,-0.01134205,45.16084,0,0,
90,2,195.0378,-0.05071974,44.00409,0,0,
90,3,197.1886,-1.503118,70.89757,0,0,
90,3,197.2173,-1.668169,70.85765,0,0,
90,3,197.2448,-1.299724,70.9445,0,0,
90,3,197.2771,-1.415039,70.80322,0,0,
90,3,197.3002,-1.344524,70.89611,0,0,
90,3,197.3276,-1.316185,70.91993,0,0,
90,3,197.3556,-1.329556,70.62132,0,0,
90,3,197.3831,-1.379233,70.64501,0,0,
90,3,197.4108,-1.406524,70.54768,0,0,
90,3,197.4386,-1.444345,70.07681,0,0,
90,3,197.4668,-1.278166,69.70499,0,0,
90,3,197.4943,-1.135897,68.9484,0,0,
90,3,197.5239,-1.122388,68.29596,0,0,
90,3,197.5505,-1.129665,67.92384,0,0,
90,3,197.5783,-0.9474165,66.38473,0,0,
90,3,197.6063,-1.113922,64.88444,0,0,
90,3,197.6338,-1.305482,63.80735,0,0,
90,3,197.6566,-1.322908,63.0327,0,0,
90,3,197.6896,-1.37702,60.19955,0,0,
90,3,197.7187,-1.255015,57.7086,0,0,
90,3,197.7442,-1.055779,56.05703,0,0,
90,3,197.7723,-1.049968,55.17558,0,0,
90,3,197.8017,-0.6397998,54.14709,0,0,
90,3,197.8293,-0.4324756,52.36909,0,0,
90,3,197.8692,-0.09641552,49.14026,0,0,
90,3,197.8969,0.1596034,46.27638,0,0,
225,0,197.9237,0.3477008,43.49625,0,0,
225,1,209.3109,-1.880411,69.30673,0,0,
225,1,209.3405,-1.948578,69.38017,0,0,
225,1,209.3671,-1.998518,69.40571,0,0,
225,1,209.3984,-1.866788,69.41606,0,0,
225,1,209.422,-1.831144,69.42419,0,0,
225,1,209.4448,-1.828645,69.4144,0,0,
225,1,209.4776,-1.826308,69.53909,0,0,
225,1,209.5176,-1.808699,69.65063,0,0,
225,1,209.5458,-1.869902,69.6583,0,0,
225,1,209.5735,-1.872583,69.71682,0,0,
225,1,209.6029,-1.937272,69.81156,0,0,
225,1,209.63,-1.979028,69.83721,0,0,
225,1,209.6586,-1.918136,69.84214,0,0,
225,1,209.6862,-1.857407,69.8622,0,0,
225,1,209.7135,-1.796353,69.97112,0,0,
225,1,209.742,-1.519904,70.02578,0,0,
225,1,209.771,-1.36948,70.05115,0,0,
225,1,209.7977,-0.9954379,69.88908,0,0,
225,1,209.8253,-0.5805974,70.00249,0,0,
225,1,209.8533,0.1741467,70.3316,0,0,
225,1,209.8822,0.8278682,70.87614,0,0,
225,1,209.9093,1.314507,71.45361,0,0,
225,1,209.9372,1.890901,71.97378,0,0,
225,1,209.9653,2.94722,72.83865,0,0,
225,1,209.992,3.78195,73.26735,0,0,
225,1,210.0207,3.842075,73.67127,0,0,
225,1,210.0479,4.637295,74.26494,0,0,
225,1,210.0765,7.350315,74.34985,0,0,
225,1,210.1039,12.41934,74.3825,0,0,
225,1,210.1318,19.37979,74.02856,0,0,
225,1,210.1607,28.51333,73.13276,0,0,
225,1,210.1893,37.65981,72.37141,0,0,
225,1,210.2167,46.36436,71.17446,0,0,
225,1,210.2437,54.11948,69.10333,0,0,
225,1,210.2735,60.39254,67.20535,0,0,
225,1,210.2968,64.94621,65.34008,0,0,
225,1,210.3245,68.54848,64.73228,0,0,
225,1,210.3529,71.7225,64.40562,0,0,
225,1,210.3809,74.70316,64.38603,0,0,
225,1,210.4109,77.83652,64.43239,0,0,
225,1,210.4373,81.34603,64.47694,0,0,
225,1,210.4647,84.78944,64.49705,0,0,
225,1,210.4927,87.97878,64.58087,0,0,
225,1,210.5208,91.21703,64.59641,0,0,
225,1,210.5494,-89.09688,64.36641,0,0,
225,1,210.5778,-86.21452,63.99651,0,0,
225,1,210.6042,-83.4826,63.53192,0,0,
225,1,210.6454,-80.65174,61.79419,0,0,
225,1,210.674,-79.0954,60.82023,0,0,
225,1,210.7159,-76.51733,59.68172,0,0,
225,1,210.7586,-73.61438,58.95653,0,0,
225,1,210.784,-72.05925,58.70811,0,0,
225,2,213.423,-6.205592,69.27128,0,0,
225,2,213.4505,-6.08426,69.50815,0,0,
225,2,213.4792,-6.352797,69.76749,0,0,
225,2,213.5197,-6.181077,69.58905,0,0,
225,2,213.548,-5.960696,69.59186,0,0,
225,2,213.576,-5.822145,70.23224,0,0,
225,2,213.6044,-5.754092,70.86845,0,0,
225,2,213.6303,-5.256214,70.83411,0,0,
225,2,213.6587,-5.029412,70.98316,0,0,
225,2,213.6871,-3.516976,71.27541,0,0,
225,2,213.7167,-0.3284481,71.83415,0,0,
225,2,213.7422,4.380335,72.65995,0,0,
225,2,213.769,10.48207,73.25609,0,0,
225,2,213.7976,17.6888,73.84657,0,0,
225,2,213.8257,24.66547,73.9304,0,0,
225,2,213.8531,31.46829,74.01776,0,0,
225,2,213.8809,38.41382,74.18813,0,0,
225,2,213.9091,44.47306,74.46705,0,0,
225,2,213.937,50.2711,74.70837,0,0,
225,2,213.9649,55.95844,75.12633,0,0,
225,2,213.9922,61.15384,75.33781,0,0,
225,2,214.0209,67.34628,75.20297,0,0,
225,2,214.048,72.50059,74.90862,0,0,
225,2,214.076,78.71716,73.93468,0,0,
225,2,214.1041,84.78152,72.87886,0,0,
225,2,214.132,88.37814,71.54934,0,0,
225,2,214.1594,91.5479,69.64529,0,0,
225,2,214.1873,-88.94304,68.17683,0,0,
225,2,214.2161,-88.93251,66.29472,0,0,
225,2,214.2426,-87.63712,64.5974,0,0,
225,2,214.2708,-86.69394,63.61058,0,0,
225,2,214.3013,-85.29761,62.64548,0,0,
225,2,214.3265,-82.83829,62.10882,0,0,
225,2,214.3525,-80.47462,61.85238,0,0,
225,2,214.3812,-77.38663,61.33549,0,0,
225,2,214.4087,-74.62647,60.98588,0,0,
225,3,217.1672,0.2947805,69.03918,0,0,
225,3,217.1933,0.2917097,68.88271,0,0,
225,3,217.2184,0.4589303,68.89304,0,0,
225,3,217.2469,0.6465979,69.13973,0,0,
225,3,217.2729,0.5860136,69.45383,0,0,
225,3,217.3009,1.288069,69.68065,0,0,
225,3,217.327,2.136576,70.03375,0,0,
225,3,217.3545,2.381967,70.35576,0,0,
225,3,217.3816,3.324139,71.17265,0,0,
225,3,217.4088,3.832433,72.0515,0,0,
225,3,217.4382,4.730088,72.39538,0,0,
225,3,217.4646,5.992143,73.08006,0,0,
225,3,217.4919,9.62111,74.13799,0,0,
225,3,217.5201,14.40728,74.77087,0,0,
225,3,217.548,20.28936,75.68799,0,0,
225,3,217.5755,28.56621,76.49007,0,0,
225,3,217.6035,35.70751,76.58841,0,0,
225,3,217.6325,43.81248,76.8988,0,0,
225,3,217.6587,52.37433,76.68893,0,0,
225,3,217.6864,60.13896,76.2909,0,0,
225,3,217.7145,68.41267,76.03974,0,0,
225,3,217.7426,76.17348,75.72836,0,0,
225,3,217.7697,83.26215,75.70878,0,0,
225,3,217.7976,91.56132,75.77357,0,0,
225,3,217.8257,-84.30202,75.63363,0,0,
225,3,217.8532,-78.45348,75.24964,0,0,
225,3,217.8812,-73.19933,74.97812,0,0,
225,3,217.9097,-69.36733,73.96377,0,0,
225,3,217.9368,-66.67127,72.76424,0,0,
225,3,217.9651,-65.30167,71.34282,0,0,
225,3,217.9918,-65.06357,69.54569,0,0,
225,3,218.0203,-66.31984,68.2144,0,0,
225,3,218.048,-67.21426,66.92435,0,0,
225,3,218.0767,-67.82593,65.64223,0,0,
225,3,218.1033,-67.8961,64.51988,0,0,
225,3,218.1314,-67.96922,63.51282,0,0,
180,0,218.1597,-68.57321,62.49334,0,0,
180,1,231.145,-1.567981,68.82519,0,0,
180,1,231.1717,-1.440667,68.71855,0,0,
180,1,231.2003,-1.468387,68.65015,0,0,
180,1,231.2409,-1.447923,68.60448,0,0,
180,1,231.2692,-1.448916,68.60223,0,0,
180,1,231.2975,-1.41262,68.6274,0,0,
180,1,231.3261,-1.376281,68.61137,0,0,
180,1,231.353,-1.373539,68.62321,0,0,
180,1,231.381,-1.30858,68.58897,0,0,
180,1,231.4088,-1.255805,68.53882,0,0,
180,1,231.4367,-1.265936,68.56455,0,0,
180,1,231.4639,-1.272345,68.60278,0,0,
180,1,231.492,-1.308416,68.60101,0,0,
180,1,231.52,-1.34968,68.66476,0,0,
180,1,231.5479,-1.418475,68.68927,0,0,
180,1,231.5753,-1.423029,68.71034,0,0,
180,1,231.6034,-1.256844,68.77966,0,0,
180,1,231.6313,-1.124936,68.78685,0,0,
180,1,231.6586,-0.9678729,68.77244,0,0,
180,1,231.6789,-0.9134295,68.86053,0,0,
180,1,231.7029,-0.7516458,68.94265,0,0,
180,1,231.7444,-0.9178784,69.17865,0,0,
180,1,231.7836,-0.5653703,69.67372,0,0,
180,1,231.8113,-0.2149644,70.08559,0,0,
180,1,231.8391,0.7073863,70.12522,0,0,
180,1,231.8668,1.604668,70.61433,0,0,
180,1,231.8945,2.784907,71.0743,0,0,
180,1,231.922,3.807567,70.95484,0,0,
180,1,231.9501,5.222173,70.9667,0,0,
180,1,231.9779,7.166123,71.31055,0,0,
180,1,232.0073,10.50028,71.46217,0,0,
180,1,232.0332,13.67335,71.3931,0,0,
180,1,232.0614,19.62372,71.30236,0,0,
180,1,232.0888,25.26301,70.69718,0,0,
180,1,232.1167,32.12681,69.25412,0,0,
180,1,232.1445,38.52655,67.76295,0,0,
180,1,232.1726,44.52593,65.79362,0,0,
180,1,232.2003,48.5463,62.98896,0,0,
180,1,232.2285,51.34685,60.16544,0,0,
180,1,232.2561,53.74769,57.63831,0,0,
180,1,232.2839,54.7964,54.80967,0,0,
180,1,232.3118,55.18283,52.992,0,0,
180,1,232.3399,55.50941,50.32441,0,0,
180,1,232.3676,55.61976,47.88102,0,0,
180,1,232.3956,55.72641,45.87433,0,0,
180,1,232.4231,56.3054,43.8208,0,0,
180,1,232.4507,56.81665,41.92591,0,0,
180,1,232.4789,57.5177,40.80894,0,0,
180,1,232.5058,58.74745,39.59201,0,0,
180,1,232.5341,59.35557,38.72463,0,0,
180,1,232.5617,60.31179,37.4535,0,0,
180,1,232.5894,61.26038,36.25419,0,0,
180,1,232.6174,62.38072,35.10138,0,0,
180,1,232.6478,63.98181,34.19136,0,0,
180,1,232.674,65.77756,33.05711,0,0,
180,1,232.7004,67.90619,31.84188,0,0,
180,1,232.7276,70.03544,30.81109,0,0,
180,1,232.7561,71.39059,31.44176,0,0,
180,1,232.7836,72.46426,32.51249,0,0,
180,1,232.8118,72.49532,34.25124,0,0,
180,1,232.8401,72.09325,36.93703,0,0,
180,1,232.8669,71.31464,39.33964,0,0,
180,1,232.895,71.42511,41.66109,0,0,
180,1,232.9231,71.94601,43.59727,0,0,
180,1,232.9506,71.82622,44.09427,0,0,
180,1,232.9782,71.47199,43.17887,0,0,
180,1,233.0072,71.35191,41.12466,0,0,
180,1,233.0341,71.07341,39.03874,0,0,
180,1,233.0612,70.96967,37.03524,0,0,
180,1,233.0891,71.35182,34.87338,0,0,
180,1,233.1176,70.9921,32.97046,0,0,
180,1,233.1448,70.81775,30.96042,0,0,
180,1,233.173,70.91009,29.79671,0,0,
180,1,233.2008,71.08102,29.72055,0,0,
180,1,233.228,71.60839,29.91039,0,0,
180,1,233.2567,71.34722,30.00016,0,0,
180,1,233.2847,70.98059,30.19027,0,0,
180,1,233.3116,70.82142,30.692,0,0,
180,1,233.3425,70.75475,31.0996,0,0,
180,1,233.3672,70.32124,31.86168,0,0,
180,1,233.394,70.09062,31.84347,0,0,
180,1,233.422,69.82677,31.89552,0,0,
180,1,233.4493,69.72449,31.90151,0,0,
180,1,233.4776,69.76141,31.8857,0,0,
180,1,233.5054,69.71748,31.77509,0,0,
180,1,233.5327,69.69958,31.63574,0,0,
180,1,233.5609,69.59975,31.58004,0,0,
180,1,233.5886,69.51807,31.55056,0,0,
180,1,233.616,69.4024,31.63543,0,0,
180,1,233.6441,69.3534,31.67957,0,0,
180,1,233.6719,69.34443,31.75279,0,0,
180,1,233.6994,69.3726,31.78943,0,0,
180,1,233.7278,69.34888,31.83014,0,0,
180,1,233.7555,69.26903,31.82278,0,0,
180,1,233.7827,69.2597,31.80075,0,0,
180,1,233.8108,69.18067,31.75014,0,0,
180,1,233.8392,69.11172,31.70834,0,0,
180,1,233.8663,69.08173,31.7255,0,0,
180,1,233.8942,69.1038,31.69139,0,0,
180,1,233.9229,69.04168,31.61747,0,0,
180,1,233.9508,69.00683,31.57673,0,0,
180,1,233.9781,68.9341,31.5304,0,0,
180,1,234.0092,68.895,31.54703,0,0,
180,1,234.0336,68.88398,31.58522,0,0,
180,1,234.0604,68.8531,31.65722,0,0,
180,1,234.0876,68.72242,31.704,0,0,
180,1,234.1191,68.57142,31.80935,0,0,
180,1,234.1446,68.45518,31.94662,0,0,
180,1,234.171,68.41748,32.1351,0,0,
180,1,234.1989,68.1828,32.17555,0,0,
180,1,234.2285,67.82303,32.10249,0,0,
180,1,234.2548,67.62351,32.10619,0,0,
180,1,234.283,67.56816,32.21717,0,0,
180,1,234.3279,67.52138,32.42089,0,0,
180,1,234.3513,67.37138,32.59184,0,0,
180,1,234.3785,67.23692,32.78639,0,0,
180,1,234.4074,67.04826,32.96822,0,0,
180,1,234.435,66.84986,33.15564,0,0,
180,1,234.4621,66.66026,33.40611,0,0,
180,1,234.4901,66.59432,33.65034,0,0,
180,1,234.5208,66.56894,33.85702,0,0,
180,1,234.5475,66.35031,34.05976,0,0,
180,1,234.5736,66.14588,34.32241,0,0,
180,1,234.6005,66.38646,34.51399,0,0,
180,1,234.6285,66.43236,34.79676,0,0,
180,1,234.6566,65.96702,34.9295,0,0,
180,1,234.6847,65.66386,35.03665,0,0,
180,1,234.7121,65.7408,35.48949,0,0,
180,1,234.7406,65.60505,35.90265,0,0,
180,1,234.7684,65.15567,36.19166,0,0,
180,1,234.7962,64.92305,36.65214,0,0,
180,1,234.8239,64.87504,37.17207,0,0,
180,1,234.8517,64.72163,37.78346,0,0,
180,1,234.8799,64.64363,38.25493,0,0,
180,1,234.9075,64.59639,39.15226,0,0,
180,1,234.9352,64.37212,39.22734,0,0,
180,1,234.9628,63.99047,40.26068,0,0,
180,1,234.9916,63.95005,41.02402,0,0,
180,1,235.0182,64.14503,42.4568,0,0,
180,1,235.0488,63.97274,44.15139,0,0,
180,1,235.0746,62.93253,46.54125,0,0,
180,1,235.1007,62.96996,49.28263,0,0,
180,1,235.1288,62.06513,52.3004,0,0,
180,1,235.157,60.46853,55.63128,0,0,
180,1,235.1853,60.05722,59.46299,0,0,
180,1,235.2135,59.45456,62.08674,0,0,
180,1,235.2408,55.61016,65.79882,0,0,
180,1,235.2683,55.07987,68.49777,0,0,
180,1,235.2964,51.09198,71.5965,0,0,
180,1,235.3243,46.61557,74.32733,0,0,
180,1,235.3521,42.38729,76.90696,0,0,
180,1,235.3796,34.67099,78.97533,0,0,
180,1,235.4075,30.35306,80.89174,0,0,
180,1,235.436,25.39588,81.62377,0,0,
180,1,235.463,19.73289,82.17802,0,0,
180,1,235.4912,17.33953,82.19302,0,0,
180,1,235.5191,13.67255,84.04082,0,0,
180,1,235.5476,14.18608,82.6775,0,0,
180,1,235.5749,14.33343,82.34581,0,0,
180,1,235.6023,19.17873,82.69706,0,0,
180,1,235.6301,22.89268,82.90417,0,0,
180,1,235.6726,20.9778,82.48621,0,0,
180,1,235.7026,21.18663,82.86488,0,0,
180,1,235.7433,17.89186,83.57523,0,0,
180,1,235.7684,19.83608,83.98624,0,0,
180,1,235.7957,19.38838,83.96003,0,0,
180,1,235.8242,17.67503,84.33784,0,0,
180,1,235.8517,20.48095,84.13566,0,0,
180,1,235.8801,23.74282,84.5603,0,0,
180,1,235.9079,21.2751,85.08554,0,0,
180,1,235.9365,15.41037,85.41405,0,0,
180,1,235.9666,10.89399,85.41004,0,0,
180,1,235.993,-0.03948045,85.25831,0,0,
180,1,236.0194,-9.595986,85.00143,0,0,
180,1,236.0462,-14.67424,84.33414,0,0,
180,1,236.075,-15.89897,84.12544,0,0,
180,1,236.1013,-12.74929,83.77596,0,0,
180,1,236.1286,-11.80731,83.68794,0,0,
180,1,236.157,-9.19945,83.37041,0,0,
180,1,236.1858,-6.539418,83.35902,0,0,
180,1,236.2128,-1.839622,83.09845,0,0,
180,1,236.2415,5.191491,82.74231,0,0,
180,1,236.2688,12.34796,82.31536,0,0,
180,1,236.297,20.31525,81.4874,0,0,
180,1,236.3257,29.92796,80.39739,0,0,
180,1,236.3521,38.16121,79.22021,0,0,
180,1,236.3803,43.86943,77.89473,0,0,
180,1,236.4082,48.618,76.19749,0,0,
180,1,236.4361,53.07063,74.5573,0,0,
180,1,236.4632,56.52064,72.70513,0,0,
180,1,236.4912,58.77471,71.03121,0,0,
180,1,236.5195,60.00937,69.09134,0,0,
180,1,236.5484,60.98042,67.5701,0,0,
180,1,236.5744,61.74026,66.29699,0,0,
180,1,236.6029,62.02851,64.75352,0,0,
180,1,236.6302,63.5495,63.42876,0,0,
180,1,236.6585,64.41699,61.84531,0,0,
180,1,236.6858,64.76807,60.3252,0,0,
180,1,236.7131,65.56103,58.59359,0,0,
180,1,236.7412,66.57286,56.86314,0,0,
180,1,236.7687,67.18896,55.23464,0,0,
180,1,236.7978,68.08446,53.37295,0,0,
180,1,236.8248,69.73992,51.87914,0,0,
180,1,236.8532,70.5634,50.52352,0,0,
180,1,236.8813,70.61771,49.66145,0,0,
180,1,236.9075,70.999,48.86568,0,0,
180,1,236.9356,71.67607,47.84604,0,0,
180,1,236.9632,72.49201,46.99153,0,0,
180,1,236.9911,72.44885,45.81076,0,0,
180,1,237.0189,73.19957,45.16906,0,0,
180,1,237.0469,74.02549,44.86683,0,0,
180,1,237.0755,73.90734,44.29194,0,0,
180,1,237.1015,73.65177,44.06638,0,0,
180,1,237.1293,72.85241,43.96495,0,0,
180,1,237.1572,72.30949,43.84417,0,0,
180,1,237.1854,72.43668,43.61246,0,0,
180,1,237.2132,72.33515,42.89671,0,0,
180,1,237.2416,72.07374,42.01836,0,0,
180,1,237.2688,71.95354,40.22889,0,0,
180,1,237.2976,71.44087,38.90105,0,0,
180,1,237.3259,71.02087,37.75782,0,0,
180,1,237.3528,70.37284,37.06363,0,0,
180,1,237.3801,70.99516,36.48166,0,0,
180,1,237.4077,71.56374,36.60648,0,0,
180,1,237.4361,71.67973,37.12292,0,0,
180,1,237.4632,71.75725,36.90012,0,0,
180,1,237.4913,72.71803,36.90422,0,0,
180,1,237.5192,72.56678,37.22778,0,0,
180,2,239.8937,-3.376321,70.49489,0,0,
180,2,239.9217,-3.229766,70.55325,0,0,
180,2,239.9488,-3.20287,70.64944,0,0,
180,2,239.9771,-3.270982,70.68575,0,0,
180,2,240.021,-3.20687,70.55089,0,0,
180,2,240.0466,-2.938601,70.54185,0,0,
180,2,240.073,-2.888817,70.74831,0,0,
180,2,240.1029,-2.954895,70.97829,0,0,
180,2,240.1311,-2.60885,71.31171,0,0,
180,2,240.1576,-2.69997,71.79668,0,0,
180,2,240.1843,-2.981309,72.31495,0,0,
180,2,240.2119,-2.219447,72.7607,0,0,
180,2,240.2402,-1.536468,73.59346,0,0,
180,2,240.2689,0.558249,74.27092,0,0,
180,2,240.2979,4.334023,74.59626,0,0,
180,2,240.3242,9.655403,74.59909,0,0,
180,2,240.3507,17.92848,73.97494,0,0,
180,2,240.3799,25.90126,73.00981,0,0,
180,2,240.4074,34.12794,71.46956,0,0,
180,2,240.4357,41.36479,69.52451,0,0,
180,2,240.4628,48.36562,67.02773,0,0,
180,2,240.4915,53.88498,63.9235,0,0,
180,2,240.5188,57.46763,60.69616,0,0,
180,2,240.5466,59.97069,57.21067,0,0,
180,2,240.5742,62.1951,54.1109,0,0,
180,2,240.6022,63.97068,50.53336,0,0,
180,2,240.631,65.35294,47.49541,0,0,
180,2,240.6575,66.50798,44.65139,0,0,
180,2,240.6853,67.41218,41.59064,0,0,
180,2,240.7134,68.29124,39.84879,0,0,
180,2,240.7408,69.81797,38.27798,0,0,
180,2,240.7684,70.65428,37.02762,0,0,
180,2,240.7973,71.10397,36.65323,0,0,
180,2,240.8251,71.55356,36.19982,0,0,
180,2,240.8524,71.93983,35.59272,0,0,
180,2,240.8809,72.34851,34.72334,0,0,
180,2,240.9073,72.48812,33.77821,0,0,
180,2,240.9358,72.46133,32.97134,0,0,
180,2,240.9637,72.49106,32.84222,0,0,
180,2,240.9906,72.11932,32.99976,0,0,
180,2,241.0196,71.78481,33.66983,0,0,
180,2,241.0474,71.7711,34.32048,0,0,
180,2,241.0751,71.57278,34.56126,0,0,
180,2,241.1016,71.39769,34.92756,0,0,
180,2,241.1308,71.40115,35.0683,0,0,
180,2,241.1577,71.43274,35.13954,0,0,
180,2,241.1853,72.00265,35.62965,0,0,
180,2,241.2156,72.15186,36.0127,0,0,
180,2,241.2414,72.17825,36.47443,0,0,
180,2,241.2718,72.79822,37.40417,0,0,
180,3,243.1022,-3.663028,69.20383,0,0,
180,3,243.1305,-3.718021,69.15162,0,0,
180,3,243.1612,-3.589987,68.9932,0,0,
180,3,243.1992,-3.680986,69.20142,0,0,
180,3,243.2408,-3.200396,69.53609,0,0,
180,3,243.2685,-3.25836,69.79945,0,0,
180,3,243.2964,-3.118314,70.11155,0,0,
180,3,243.3246,-2.497624,70.54342,0,0,
180,3,243.3523,-2.274678,71.1908,0,0,
180,3,243.3811,-1.629018,71.90738,0,0,
180,3,243.4075,-1.123328,72.8652,0,0,
180,3,243.4358,-0.6765871,73.66803,0,0,
180,3,243.4629,1.770639,73.78684,0,0,
180,3,243.4909,6.717929,74.03386,0,0,
180,3,243.5208,13.28882,73.86385,0,0,
180,3,243.546,18.83362,73.67764,0,0,
180,3,243.5745,27.62199,73.24699,0,0,
180,3,243.6023,35.47003,71.53522,0,0,
180,3,243.6298,41.67395,69.47208,0,0,
180,3,243.6578,47.30755,66.70887,0,0,
180,3,243.6854,51.3371,63.71956,0,0,
180,3,243.7159,54.75636,60.4431,0,0,
180,3,243.7412,56.93737,57.37629,0,0,
180,3,243.7684,58.32278,54.48842,0,0,
180,3,243.7964,59.66909,51.59182,0,0,
180,3,243.8183,60.10277,50.36454,0,0,
180,3,243.8518,61.88715,46.94363,0,0,
180,3,243.8795,62.76301,44.21535,0,0,
180,3,243.9075,63.59744,41.95121,0,0,
180,3,243.9357,64.42894,40.33225,0,0,
180,3,243.9632,65.65865,37.99877,0,0,
180,3,243.9908,67.16183,35.6526,0,0,
180,3,244.0186,68.75912,32.84415,0,0,
180,3,244.047,69.92688,30.09097,0,0,
180,3,244.0741,71.03548,27.92333,0,0,
180,3,244.1022,71.96358,26.23405,0,0,
180,3,244.1296,72.4397,25.16791,0,0,
180,3,244.1576,72.94411,25.38607,0,0,
180,3,244.1889,73.17537,26.58342,0,0,
180,3,244.215,73.14173,27.92007,0,0,
180,3,244.2408,73.29438,29.66158,0,0,
180,3,244.2672,73.49007,32.28859,0,0,
180,3,244.2962,74.25052,34.73409,0,0,
