Direction,tCount,Time,HeadRotation,HeadPitch,HeadYaw,TrunkRotation,TrunkPitch,TrunkYaw,StartRotation
225,1,8.113529,(339.80* 0.00* 0.00),0,0,(0.00* 0.00* 0.00),0,0,(339.80* 0.00* 0.00)
225,1,8.140917,(339.80* 0.00* 0.00),0,0,(0.00* 0.00* 0.00),0,0,(339.80* 0.00* 0.00)
225,1,8.166483,(339.80* 0.00* 0.00),0,0,(0.00* 0.00* 0.00),0,0,(339.80* 0.00* 0.00)
225,1,8.194419,(339.80* 0.00* 0.00),0,0,(0.00* 0.00* 0.00),0,0,(339.80* 0.00* 0.00)
225,1,8.220891,(339.80* 0.00* 0.00),0,0,(0.00* 0.00* 0.00),0,0,(339.80* 0.00* 0.00)
225,1,8.249497,(339.80* 0.00* 0.00),0,0,(0.00* 0.00* 0.00),0,0,(339.80* 0.00* 0.00)
225,1,8.27689,(339.80* 0.00* 0.00),0,0,(0.00* 0.00* 0.00),0,0,(339.80* 0.00* 0.00)
225,1,8.304919,(339.80* 0.00* 0.00),0,0,(0.00* 0.00* 0.00),0,0,(339.80* 0.00* 0.00)
225,1,8.335474,(339.60* 359.20* 0.00),-0.2000122,-0.7999878,(0.00* 0.00* 0.00),0,0,(339.80* 0.00* 0.00)
225,1,8.360059,(339.40* 358.60* 0.00),-0.3999939,-1.399994,(0.00* 0.00* 0.00),0,0,(339.80* 0.00* 0.00)
225,1,8.387962,(339.40* 358.20* 0.00),-0.3999939,-1.799988,(0.00* 0.00* 0.00),0,0,(339.80* 0.00* 0.00)
225,1,8.416204,(340.00* 357.40* 0.00),0.1999993,-2.600006,(0.00* 0.00* 0.00),0,0,(339.80* 0.00* 0.00)
225,1,8.448108,(342.00* 355.80* 0.00),2.2,-4.200012,(0.00* 0.00* 0.00),0,0,(339.80* 0.00* 0.00)
225,1,8.474179,(343.40* 354.80* 0.00),3.600001,-5.200012,(0.00* 0.00* 0.00),0,0,(339.80* 0.00* 0.00)
225,1,8.501088,(344.80* 353.60* 0.00),5,-6.399994,(0.00* 0.00* 0.00),0,0,(339.80* 0.00* 0.00)
225,1,8.527802,(346.00* 352.00* 0.00),6.200001,-8,(0.00* 0.00* 0.00),0,0,(339.80* 0.00* 0.00)
225,1,8.557544,(347.80* 350.00* 0.00),7.999998,-10,(0.00* 0.00* 0.00),0,0,(339.80* 0.00* 0.00)
225,1,8.584085,(349.00* 348.60* 0.00),9.200002,-11.39999,(0.00* 0.00* 0.00),0,0,(339.80* 0.00* 0.00)
225,1,8.61229,(350.40* 347.00* 0.00),10.6,-13,(0.00* 0.00* 0.00),0,0,(339.80* 0.00* 0.00)
225,1,8.640539,(352.00* 345.40* 0.00),12.2,-14.60001,(0.00* 0.00* 0.00),0,0,(339.80* 0.00* 0.00)
225,1,8.665836,(354.00* 343.60* 0.00),14.2,-16.39999,(0.00* 0.00* 0.00),0,0,(339.80* 0.00* 0.00)
225,1,8.694821,(356.60* 341.00* 0.00),16.8,-19,(0.00* 0.00* 0.00),0,0,(339.80* 0.00* 0.00)
225,1,8.721321,(358.40* 339.20* 0.00),18.6,-20.79999,(0.00* 0.00* 0.00),0,0,(339.80* 0.00* 0.00)
225,1,8.749186,(0.00* 337.60* 0.00),20.2,-22.39999,(0.00* 0.00* 0.00),0,0,(339.80* 0.00* 0.00)
225,1,8.775619,(1.40* 336.80* 0.00),21.60001,-23.20001,(0.00* 0.00* 0.00),0,0,(339.80* 0.00* 0.00)
225,1,8.803862,(3.60* 336.00* 0.00),23.8,-24,(0.00* 0.00* 0.00),0,0,(339.80* 0.00* 0.00)
225,1,8.831515,(5.00* 335.40* 0.00),25.2,-24.60001,(0.00* 0.00* 0.00),0,0,(339.80* 0.00* 0.00)
225,1,8.859326,(6.20* 334.80* 0.00),26.4,-25.20001,(0.00* 0.00* 0.00),0,0,(339.80* 0.00* 0.00)
225,1,8.889246,(8.20* 334.00* 0.00),28.4,-26,(0.00* 0.00* 0.00),0,0,(339.80* 0.00* 0.00)
225,1,8.914356,(9.60* 333.20* 0.00),29.8,-26.79999,(0.00* 0.00* 0.00),0,0,(339.80* 0.00* 0.00)
225,1,8.942149,(10.40* 332.60* 0.00),30.60001,-27.39999,(0.00* 0.00* 0.00),0,0,(339.80* 0.00* 0.00)
225,1,8.969675,(11.20* 332.40* 0.00),31.40001,-27.60001,(0.00* 0.00* 0.00),0,0,(339.80* 0.00* 0.00)
225,1,8.997573,(12.00* 332.00* 0.00),32.2,-28,(0.00* 0.00* 0.00),0,0,(339.80* 0.00* 0.00)
225,2,10.70636,(340.80* 359.80* 0.00),0.9999943,-0.2000122,(0.00* 0.00* 0.00),0,0,(339.80* 0.00* 0.00)
225,2,10.73342,(340.80* 359.80* 0.00),0.9999943,-0.2000122,(0.00* 0.00* 0.00),0,0,(339.80* 0.00* 0.00)
225,2,10.76114,(340.80* 359.80* 0.00),0.9999943,-0.2000122,(0.00* 0.00* 0.00),0,0,(339.80* 0.00* 0.00)
225,2,10.78893,(340.80* 359.80* 0.00),0.9999943,-0.2000122,(0.00* 0.00* 0.00),0,0,(339.80* 0.00* 0.00)
225,2,10.81675,(340.80* 359.80* 0.00),0.9999943,-0.2000122,(0.00* 0.00* 0.00),0,0,(339.80* 0.00* 0.00)
225,2,10.84486,(340.80* 359.80* 0.00),0.9999943,-0.2000122,(0.00* 0.00* 0.00),0,0,(339.80* 0.00* 0.00)
225,2,10.87194,(340.80* 359.80* 0.00),0.9999943,-0.2000122,(0.00* 0.00* 0.00),0,0,(339.80* 0.00* 0.00)
225,2,10.90009,(340.80* 359.80* 0.00),0.9999943,-0.2000122,(0.00* 0.00* 0.00),0,0,(339.80* 0.00* 0.00)
225,2,10.92825,(340.80* 359.80* 0.00),0.9999943,-0.2000122,(0.00* 0.00* 0.00),0,0,(339.80* 0.00* 0.00)
225,2,10.95574,(340.80* 359.80* 0.00),0.9999943,-0.2000122,(0.00* 0.00* 0.00),0,0,(339.80* 0.00* 0.00)
225,2,10.98478,(340.80* 359.80* 0.00),0.9999943,-0.2000122,(0.00* 0.00* 0.00),0,0,(339.80* 0.00* 0.00)
225,2,11.01105,(340.80* 359.80* 0.00),0.9999943,-0.2000122,(0.00* 0.00* 0.00),0,0,(339.80* 0.00* 0.00)
225,2,11.0385,(340.80* 359.80* 0.00),0.9999943,-0.2000122,(0.00* 0.00* 0.00),0,0,(339.80* 0.00* 0.00)
225,2,11.06672,(340.80* 359.80* 0.00),0.9999943,-0.2000122,(0.00* 0.00* 0.00),0,0,(339.80* 0.00* 0.00)
225,2,11.0941,(340.80* 359.80* 0.00),0.9999943,-0.2000122,(0.00* 0.00* 0.00),0,0,(339.80* 0.00* 0.00)
225,2,11.12409,(340.80* 359.60* 0.00),0.9999935,-0.3999939,(0.00* 0.00* 0.00),0,0,(339.80* 0.00* 0.00)
225,2,11.15008,(341.20* 359.20* 0.00),1.399994,-0.8000183,(0.00* 0.00* 0.00),0,0,(339.80* 0.00* 0.00)
225,2,11.17775,(343.40* 357.40* 0.00),3.599994,-2.600006,(0.00* 0.00* 0.00),0,0,(339.80* 0.00* 0.00)
225,2,11.20576,(346.60* 353.60* 0.00),6.799994,-6.399994,(0.00* 0.00* 0.00),0,0,(339.80* 0.00* 0.00)
225,2,11.23358,(349.80* 350.00* 0.00),9.999995,-10,(0.00* 0.00* 0.00),0,0,(339.80* 0.00* 0.00)
225,2,11.26096,(352.20* 347.80* 0.00),12.4,-12.20001,(0.00* 0.00* 0.00),0,0,(339.80* 0.00* 0.00)
225,2,11.28881,(354.00* 345.40* 0.00),14.2,-14.60001,(0.00* 0.00* 0.00),0,0,(339.80* 0.00* 0.00)
225,2,11.31705,(357.80* 341.80* 0.00),18,-18.20001,(0.00* 0.00* 0.00),0,0,(339.80* 0.00* 0.00)
225,2,11.34453,(1.60* 338.40* 0.00),21.8,-21.60001,(0.00* 0.00* 0.00),0,0,(339.80* 0.00* 0.00)
225,2,11.37234,(3.60* 336.60* 0.00),23.8,-23.39999,(0.00* 0.00* 0.00),0,0,(339.80* 0.00* 0.00)
225,2,11.40019,(4.60* 335.80* 0.00),24.8,-24.20001,(0.00* 0.00* 0.00),0,0,(339.80* 0.00* 0.00)
225,2,11.42755,(6.00* 334.80* 0.00),26.2,-25.20001,(0.00* 0.00* 0.00),0,0,(339.80* 0.00* 0.00)
225,2,11.45567,(7.40* 333.60* 0.00),27.59999,-26.39999,(0.00* 0.00* 0.00),0,0,(339.80* 0.00* 0.00)
225,2,11.48358,(8.60* 332.80* 0.00),28.8,-27.20001,(0.00* 0.00* 0.00),0,0,(339.80* 0.00* 0.00)
225,2,11.51177,(9.40* 332.00* 0.00),29.6,-28,(0.00* 0.00* 0.00),0,0,(339.80* 0.00* 0.00)
225,2,11.53973,(10.40* 331.20* 0.00),30.59999,-28.79999,(0.00* 0.00* 0.00),0,0,(339.80* 0.00* 0.00)
225,2,11.56764,(11.00* 330.80* 0.00),31.2,-29.20001,(0.00* 0.00* 0.00),0,0,(339.80* 0.00* 0.00)
225,3,13.10834,(340.00* 359.60* 0.00),0.1999933,-0.3999939,(0.00* 0.00* 0.00),0,0,(339.80* 0.00* 0.00)
225,3,13.13711,(340.00* 359.60* 0.00),0.1999933,-0.3999939,(0.00* 0.00* 0.00),0,0,(339.80* 0.00* 0.00)
225,3,13.16542,(340.00* 359.60* 0.00),0.1999933,-0.3999939,(0.00* 0.00* 0.00),0,0,(339.80* 0.00* 0.00)
225,3,13.18661,(340.00* 359.60* 0.00),0.1999933,-0.3999939,(0.00* 0.00* 0.00),0,0,(339.80* 0.00* 0.00)
225,3,13.22084,(340.00* 359.60* 0.00),0.1999933,-0.3999939,(0.00* 0.00* 0.00),0,0,(339.80* 0.00* 0.00)
225,3,13.26488,(341.40* 358.80* 0.00),1.599994,-1.200012,(0.00* 0.00* 0.00),0,0,(339.80* 0.00* 0.00)
225,3,13.30489,(344.40* 355.80* 0.00),4.599996,-4.200012,(0.00* 0.00* 0.00),0,0,(339.80* 0.00* 0.00)
225,3,13.33278,(346.60* 353.60* 0.00),6.799996,-6.399994,(0.00* 0.00* 0.00),0,0,(339.80* 0.00* 0.00)
225,3,13.35987,(349.00* 351.20* 0.00),9.199997,-8.800018,(0.00* 0.00* 0.00),0,0,(339.80* 0.00* 0.00)
225,3,13.38777,(351.80* 348.60* 0.00),11.99999,-11.40002,(0.00* 0.00* 0.00),0,0,(339.80* 0.00* 0.00)
225,3,13.41722,(354.60* 346.20* 0.00),14.79999,-13.80002,(0.00* 0.00* 0.00),0,0,(339.80* 0.00* 0.00)
225,3,13.46047,(358.60* 342.80* 0.00),18.8,-17.20001,(0.00* 0.00* 0.00),0,0,(339.80* 0.00* 0.00)
225,3,13.48787,(0.60* 341.20* 0.00),20.8,-18.80002,(0.00* 0.00* 0.00),0,0,(339.80* 0.00* 0.00)
225,3,13.51279,(2.00* 340.20* 0.00),22.2,-19.80002,(0.00* 0.00* 0.00),0,0,(339.80* 0.00* 0.00)
225,3,13.5406,(2.80* 339.20* 0.00),22.99999,-20.80002,(0.00* 0.00* 0.00),0,0,(339.80* 0.00* 0.00)
225,3,13.56848,(4.20* 337.00* 0.00),24.39999,-23,(0.00* 0.00* 0.00),0,0,(339.80* 0.00* 0.00)
225,3,13.59611,(5.60* 334.80* 0.00),25.8,-25.20001,(0.00* 0.00* 0.00),0,0,(339.80* 0.00* 0.00)
225,3,13.62478,(7.20* 333.00* 0.00),27.4,-27,(0.00* 0.00* 0.00),0,0,(339.80* 0.00* 0.00)
225,3,13.6506,(8.40* 332.20* 0.00),28.59999,-27.80002,(0.00* 0.00* 0.00),0,0,(339.80* 0.00* 0.00)
225,3,13.68141,(10.00* 331.20* 0.00),30.2,-28.80002,(0.00* 0.00* 0.00),0,0,(339.80* 0.00* 0.00)
225,3,13.70798,(11.00* 330.80* 0.00),31.19999,-29.20001,(0.00* 0.00* 0.00),0,0,(339.80* 0.00* 0.00)
270,1,16.03943,(338.00* 359.20* 0.00),-1.800018,-0.8000183,(0.00* 0.00* 0.00),0,0,(339.80* 0.00* 0.00)
270,1,16.0666,(338.00* 359.20* 0.00),-1.800018,-0.8000183,(0.00* 0.00* 0.00),0,0,(339.80* 0.00* 0.00)
270,1,16.0947,(338.00* 359.20* 0.00),-1.800018,-0.8000183,(0.00* 0.00* 0.00),0,0,(339.80* 0.00* 0.00)
270,1,16.12218,(338.00* 359.20* 0.00),-1.800018,-0.8000183,(0.00* 0.00* 0.00),0,0,(339.80* 0.00* 0.00)
270,1,16.15027,(338.00* 359.20* 0.00),-1.800018,-0.8000183,(0.00* 0.00* 0.00),0,0,(339.80* 0.00* 0.00)
270,1,16.17746,(338.00* 359.20* 0.00),-1.800018,-0.8000183,(0.00* 0.00* 0.00),0,0,(339.80* 0.00* 0.00)
270,1,16.20517,(338.00* 359.20* 0.00),-1.800018,-0.8000183,(0.00* 0.00* 0.00),0,0,(339.80* 0.00* 0.00)
270,1,16.23329,(338.00* 359.20* 0.00),-1.800018,-0.8000183,(0.00* 0.00* 0.00),0,0,(339.80* 0.00* 0.00)
270,1,16.2614,(338.00* 359.20* 0.00),-1.800018,-0.8000183,(0.00* 0.00* 0.00),0,0,(339.80* 0.00* 0.00)
270,1,16.28874,(338.00* 359.20* 0.00),-1.800018,-0.8000183,(0.00* 0.00* 0.00),0,0,(339.80* 0.00* 0.00)
270,1,16.31676,(338.00* 359.20* 0.00),-1.800018,-0.8000183,(0.00* 0.00* 0.00),0,0,(339.80* 0.00* 0.00)
270,1,16.3443,(338.00* 359.20* 0.00),-1.800018,-0.8000183,(0.00* 0.00* 0.00),0,0,(339.80* 0.00* 0.00)
270,1,16.37242,(338.00* 359.20* 0.00),-1.800018,-0.8000183,(0.00* 0.00* 0.00),0,0,(339.80* 0.00* 0.00)
270,1,16.40033,(339.80* 0.20* 0.00),-4.728415E-06,0.1999862,(0.00* 0.00* 0.00),0,0,(339.80* 0.00* 0.00)
270,1,16.42756,(343.40* 1.80* 0.00),3.599996,1.799986,(0.00* 0.00* 0.00),0,0,(339.80* 0.00* 0.00)
270,1,16.4554,(347.00* 3.00* 0.00),7.199996,2.999987,(0.00* 0.00* 0.00),0,0,(339.80* 0.00* 0.00)
270,1,16.48314,(348.80* 3.60* 0.00),8.999997,3.599987,(0.00* 0.00* 0.00),0,0,(339.80* 0.00* 0.00)
270,1,16.51115,(350.20* 3.60* 0.00),10.4,3.599986,(0.00* 0.00* 0.00),0,0,(339.80* 0.00* 0.00)
270,1,16.53874,(351.80* 3.60* 0.00),12,3.599987,(0.00* 0.00* 0.00),0,0,(339.80* 0.00* 0.00)
270,1,16.56693,(353.80* 3.40* 0.00),14,3.399986,(0.00* 0.00* 0.00),0,0,(339.80* 0.00* 0.00)
270,1,16.59472,(357.20* 2.40* 0.00),17.4,2.399986,(0.00* 0.00* 0.00),0,0,(339.80* 0.00* 0.00)
270,1,16.62282,(0.60* 1.00* 0.00),20.8,0.9999864,(0.00* 0.00* 0.00),0,0,(339.80* 0.00* 0.00)
270,1,16.64998,(3.20* 359.00* 0.00),23.4,-1,(0.00* 0.00* 0.00),0,0,(339.80* 0.00* 0.00)
270,1,16.67794,(5.00* 357.80* 0.00),25.2,-2.200012,(0.00* 0.00* 0.00),0,0,(339.80* 0.00* 0.00)
270,1,16.70579,(6.20* 357.20* 0.00),26.4,-2.800018,(0.00* 0.00* 0.00),0,0,(339.80* 0.00* 0.00)
270,1,16.73376,(7.60* 357.00* 0.00),27.8,-3,(0.00* 0.00* 0.00),0,0,(339.80* 0.00* 0.00)
270,1,16.76127,(8.40* 356.80* 0.00),28.6,-3.200012,(0.00* 0.00* 0.00),0,0,(339.80* 0.00* 0.00)
270,1,16.78853,(8.60* 356.80* 0.00),28.8,-3.200012,(0.00* 0.00* 0.00),0,0,(339.80* 0.00* 0.00)
270,1,16.81702,(8.60* 356.80* 0.00),28.8,-3.200012,(0.00* 0.00* 0.00),0,0,(339.80* 0.00* 0.00)
270,1,16.84426,(8.60* 356.80* 0.00),28.8,-3.200012,(0.00* 0.00* 0.00),0,0,(339.80* 0.00* 0.00)
270,1,16.87179,(8.60* 356.80* 0.00),28.8,-3.200012,(0.00* 0.00* 0.00),0,0,(339.80* 0.00* 0.00)
270,1,16.90081,(8.60* 356.80* 0.00),28.8,-3.200012,(0.00* 0.00* 0.00),0,0,(339.80* 0.00* 0.00)
270,1,16.92772,(8.60* 356.80* 0.00),28.8,-3.200012,(0.00* 0.00* 0.00),0,0,(339.80* 0.00* 0.00)
270,1,16.95563,(9.60* 358.00* 0.00),29.8,-2,(0.00* 0.00* 0.00),0,0,(339.80* 0.00* 0.00)
270,1,16.98345,(10.40* 358.80* 0.00),30.6,-1.200012,(0.00* 0.00* 0.00),0,0,(339.80* 0.00* 0.00)
270,1,17.01178,(11.00* 359.00* 0.00),31.2,-1,(0.00* 0.00* 0.00),0,0,(339.80* 0.00* 0.00)
270,1,17.03946,(11.20* 359.00* 0.00),31.40001,-1,(0.00* 0.00* 0.00),0,0,(339.80* 0.00* 0.00)
270,1,17.0664,(11.20* 359.00* 0.00),31.40001,-1,(0.00* 0.00* 0.00),0,0,(339.80* 0.00* 0.00)
270,1,17.09431,(11.20* 359.00* 0.00),31.40001,-1,(0.00* 0.00* 0.00),0,0,(339.80* 0.00* 0.00)
270,1,17.12276,(11.60* 359.00* 0.00),31.8,-1,(0.00* 0.00* 0.00),0,0,(339.80* 0.00* 0.00)
270,1,17.14989,(11.80* 359.00* 0.00),32,-1,(0.00* 0.00* 0.00),0,0,(339.80* 0.00* 0.00)
270,1,17.17785,(11.80* 359.00* 0.00),32,-1,(0.00* 0.00* 0.00),0,0,(339.80* 0.00* 0.00)
270,1,17.20538,(11.80* 359.00* 0.00),32,-1,(0.00* 0.00* 0.00),0,0,(339.80* 0.00* 0.00)
270,1,17.23486,(11.80* 359.00* 0.00),32,-1,(0.00* 0.00* 0.00),0,0,(339.80* 0.00* 0.00)
270,1,17.26141,(11.80* 359.00* 0.00),32,-1,(0.00* 0.00* 0.00),0,0,(339.80* 0.00* 0.00)
270,1,17.28859,(11.80* 359.00* 0.00),32,-1,(0.00* 0.00* 0.00),0,0,(339.80* 0.00* 0.00)
270,2,19.05288,(340.20* 359.80* 0.00),0.3999956,-0.2000122,(0.00* 0.00* 0.00),0,0,(339.80* 0.00* 0.00)
270,2,19.08064,(340.00* 0.00* 0.00),0.199992,-1.390278E-05,(0.00* 0.00* 0.00),0,0,(339.80* 0.00* 0.00)
270,2,19.10805,(340.00* 0.00* 0.00),0.199992,-1.390278E-05,(0.00* 0.00* 0.00),0,0,(339.80* 0.00* 0.00)
270,2,19.13634,(340.00* 0.00* 0.00),0.199992,-1.390278E-05,(0.00* 0.00* 0.00),0,0,(339.80* 0.00* 0.00)
270,2,19.16422,(340.00* 0.00* 0.00),0.199992,-1.390278E-05,(0.00* 0.00* 0.00),0,0,(339.80* 0.00* 0.00)
270,2,19.19154,(340.00* 0.00* 0.00),0.199992,-1.390278E-05,(0.00* 0.00* 0.00),0,0,(339.80* 0.00* 0.00)
270,2,19.21944,(340.00* 0.00* 0.00),0.199992,-1.390278E-05,(0.00* 0.00* 0.00),0,0,(339.80* 0.00* 0.00)
270,2,19.24716,(340.00* 0.00* 0.00),0.199992,-1.390278E-05,(0.00* 0.00* 0.00),0,0,(339.80* 0.00* 0.00)
270,2,19.2752,(340.80* 0.00* 0.00),0.9999924,-1.390271E-05,(0.00* 0.00* 0.00),0,0,(339.80* 0.00* 0.00)
270,2,19.30318,(342.80* 0.00* 0.00),2.999993,-1.390211E-05,(0.00* 0.00* 0.00),0,0,(339.80* 0.00* 0.00)
270,2,19.33081,(345.40* 359.80* 0.00),5.599991,-0.2000122,(0.00* 0.00* 0.00),0,0,(339.80* 0.00* 0.00)
270,2,19.35856,(349.20* 359.20* 0.00),9.399995,-0.8000183,(0.00* 0.00* 0.00),0,0,(339.80* 0.00* 0.00)
270,2,19.38652,(353.00* 358.20* 0.00),13.2,-1.800018,(0.00* 0.00* 0.00),0,0,(339.80* 0.00* 0.00)
270,2,19.41399,(355.60* 357.60* 0.00),15.8,-2.400024,(0.00* 0.00* 0.00),0,0,(339.80* 0.00* 0.00)
270,2,19.44161,(357.20* 357.60* 0.00),17.39999,-2.400024,(0.00* 0.00* 0.00),0,0,(339.80* 0.00* 0.00)
270,2,19.46942,(359.60* 357.40* 0.00),19.8,-2.600006,(0.00* 0.00* 0.00),0,0,(339.80* 0.00* 0.00)
270,2,19.49714,(2.00* 357.40* 0.00),22.2,-2.600006,(0.00* 0.00* 0.00),0,0,(339.80* 0.00* 0.00)
270,2,19.52499,(4.20* 357.60* 0.00),24.39999,-2.400024,(0.00* 0.00* 0.00),0,0,(339.80* 0.00* 0.00)
270,2,19.55227,(5.80* 357.80* 0.00),25.99999,-2.200012,(0.00* 0.00* 0.00),0,0,(339.80* 0.00* 0.00)
270,2,19.58033,(6.40* 358.00* 0.00),26.59999,-2,(0.00* 0.00* 0.00),0,0,(339.80* 0.00* 0.00)
270,2,19.60877,(7.00* 358.20* 0.00),27.2,-1.800018,(0.00* 0.00* 0.00),0,0,(339.80* 0.00* 0.00)
270,2,19.63728,(9.60* 359.40* 0.00),29.8,-0.6000061,(0.00* 0.00* 0.00),0,0,(339.80* 0.00* 0.00)
270,2,19.66386,(13.00* 1.20* 0.00),33.19999,1.199986,(0.00* 0.00* 0.00),0,0,(339.80* 0.00* 0.00)
270,3,20.92828,(339.20* 0.80* 0.00),-0.6000061,0.7999864,(0.00* 0.00* 0.00),0,0,(339.80* 0.00* 0.00)
270,3,20.95572,(339.20* 0.80* 0.00),-0.6000061,0.7999864,(0.00* 0.00* 0.00),0,0,(339.80* 0.00* 0.00)
270,3,20.98325,(339.20* 0.80* 0.00),-0.6000061,0.7999864,(0.00* 0.00* 0.00),0,0,(339.80* 0.00* 0.00)
270,3,21.01084,(339.80* 0.60* 0.00),-7.967529E-06,0.5999863,(0.00* 0.00* 0.00),0,0,(339.80* 0.00* 0.00)
270,3,21.03912,(343.20* 359.80* 0.00),3.399989,-0.2000122,(0.00* 0.00* 0.00),0,0,(339.80* 0.00* 0.00)
270,3,21.06699,(345.60* 359.40* 0.00),5.799989,-0.6000061,(0.00* 0.00* 0.00),0,0,(339.80* 0.00* 0.00)
270,3,21.09438,(347.20* 359.00* 0.00),7.39999,-1,(0.00* 0.00* 0.00),0,0,(339.80* 0.00* 0.00)
270,3,21.12236,(349.20* 359.00* 0.00),9.399992,-1,(0.00* 0.00* 0.00),0,0,(339.80* 0.00* 0.00)
270,3,21.14981,(353.60* 359.00* 0.00),13.79999,-1,(0.00* 0.00* 0.00),0,0,(339.80* 0.00* 0.00)
270,3,21.17887,(357.20* 358.80* 0.00),17.39999,-1.200012,(0.00* 0.00* 0.00),0,0,(339.80* 0.00* 0.00)
270,3,21.20568,(358.80* 358.80* 0.00),18.99999,-1.200012,(0.00* 0.00* 0.00),0,0,(339.80* 0.00* 0.00)
270,3,21.23368,(0.00* 358.80* 0.00),20.19999,-1.200012,(0.00* 0.00* 0.00),0,0,(339.80* 0.00* 0.00)
270,3,21.26126,(1.00* 358.80* 0.00),21.19999,-1.200012,(0.00* 0.00* 0.00),0,0,(339.80* 0.00* 0.00)
270,3,21.28934,(2.00* 358.80* 0.00),22.19999,-1.200012,(0.00* 0.00* 0.00),0,0,(339.80* 0.00* 0.00)
270,3,21.317,(3.60* 359.00* 0.00),23.79999,-1,(0.00* 0.00* 0.00),0,0,(339.80* 0.00* 0.00)
270,3,21.345,(5.60* 359.20* 0.00),25.8,-0.8000183,(0.00* 0.00* 0.00),0,0,(339.80* 0.00* 0.00)
270,3,21.37213,(6.80* 359.20* 0.00),26.99999,-0.8000183,(0.00* 0.00* 0.00),0,0,(339.80* 0.00* 0.00)
270,3,21.40003,(8.20* 358.80* 0.00),28.39999,-1.200012,(0.00* 0.00* 0.00),0,0,(339.80* 0.00* 0.00)
270,3,21.42782,(8.60* 358.80* 0.00),28.8,-1.200012,(0.00* 0.00* 0.00),0,0,(339.80* 0.00* 0.00)
270,3,21.45615,(9.20* 358.80* 0.00),29.4,-1.200012,(0.00* 0.00* 0.00),0,0,(339.80* 0.00* 0.00)
270,3,21.48365,(10.40* 359.80* 0.00),30.59999,-0.2000122,(0.00* 0.00* 0.00),0,0,(339.80* 0.00* 0.00)
270,3,21.51086,(11.40* 0.60* 0.00),31.59999,0.5999864,(0.00* 0.00* 0.00),0,0,(339.80* 0.00* 0.00)
270,3,21.53885,(11.80* 0.80* 0.00),31.99999,0.7999864,(0.00* 0.00* 0.00),0,0,(339.80* 0.00* 0.00)
270,3,21.56859,(11.80* 0.80* 0.00),31.99999,0.7999864,(0.00* 0.00* 0.00),0,0,(339.80* 0.00* 0.00)
270,3,21.59577,(11.80* 0.80* 0.00),31.99999,0.7999864,(0.00* 0.00* 0.00),0,0,(339.80* 0.00* 0.00)
270,3,21.62431,(11.80* 0.80* 0.00),31.99999,0.7999864,(0.00* 0.00* 0.00),0,0,(339.80* 0.00* 0.00)
270,3,21.65013,(11.80* 0.80* 0.00),31.99999,0.7999864,(0.00* 0.00* 0.00),0,0,(339.80* 0.00* 0.00)
270,3,21.6781,(11.80* 0.80* 0.00),31.99999,0.7999864,(0.00* 0.00* 0.00),0,0,(339.80* 0.00* 0.00)
270,3,21.70593,(11.80* 0.80* 0.00),31.99999,0.7999864,(0.00* 0.00* 0.00),0,0,(339.80* 0.00* 0.00)
270,3,21.73391,(11.80* 0.80* 0.00),31.99999,0.7999864,(0.00* 0.00* 0.00),0,0,(339.80* 0.00* 0.00)
270,3,21.76218,(11.80* 0.80* 0.00),31.99999,0.7999864,(0.00* 0.00* 0.00),0,0,(339.80* 0.00* 0.00)
270,3,21.78899,(12.00* 0.80* 0.00),32.19999,0.7999864,(0.00* 0.00* 0.00),0,0,(339.80* 0.00* 0.00)
315,1,23.99757,(340.00* 358.60* 0.00),0.1999931,-1.400024,(0.00* 0.00* 0.00),0,0,(339.80* 0.00* 0.00)
315,1,24.02546,(340.00* 358.60* 0.00),0.1999931,-1.400024,(0.00* 0.00* 0.00),0,0,(339.80* 0.00* 0.00)
315,1,24.05235,(340.00* 358.60* 0.00),0.1999931,-1.400024,(0.00* 0.00* 0.00),0,0,(339.80* 0.00* 0.00)
315,1,24.0811,(340.00* 358.60* 0.00),0.1999931,-1.400024,(0.00* 0.00* 0.00),0,0,(339.80* 0.00* 0.00)
315,1,24.1081,(340.00* 358.60* 0.00),0.1999931,-1.400024,(0.00* 0.00* 0.00),0,0,(339.80* 0.00* 0.00)
315,1,24.13634,(340.00* 358.60* 0.00),0.1999931,-1.400024,(0.00* 0.00* 0.00),0,0,(339.80* 0.00* 0.00)
315,1,24.16389,(340.00* 358.60* 0.00),0.1999931,-1.400024,(0.00* 0.00* 0.00),0,0,(339.80* 0.00* 0.00)
315,1,24.1853,(340.00* 358.60* 0.00),0.1999931,-1.400024,(0.00* 0.00* 0.00),0,0,(339.80* 0.00* 0.00)
315,1,24.20608,(340.00* 358.60* 0.00),0.1999931,-1.400024,(0.00* 0.00* 0.00),0,0,(339.80* 0.00* 0.00)
315,1,24.2329,(340.00* 358.60* 0.00),0.1999931,-1.400024,(0.00* 0.00* 0.00),0,0,(339.80* 0.00* 0.00)
315,1,24.2623,(340.00* 358.60* 0.00),0.1999931,-1.400024,(0.00* 0.00* 0.00),0,0,(339.80* 0.00* 0.00)
315,1,24.28835,(339.80* 358.80* 0.00),-4.741374E-06,-1.200012,(0.00* 0.00* 0.00),0,0,(339.80* 0.00* 0.00)
315,1,24.31769,(340.40* 0.40* 0.00),0.5999914,0.3999857,(0.00* 0.00* 0.00),0,0,(339.80* 0.00* 0.00)
315,1,24.34547,(341.40* 2.80* 0.00),1.599992,2.799986,(0.00* 0.00* 0.00),0,0,(339.80* 0.00* 0.00)
315,1,24.37312,(342.40* 5.60* 0.00),2.599995,5.599986,(0.00* 0.00* 0.00),0,0,(339.80* 0.00* 0.00)
315,1,24.40312,(344.20* 9.00* 0.00),4.399994,8.999986,(0.00* 0.00* 0.00),0,0,(339.80* 0.00* 0.00)
315,1,24.44553,(349.00* 13.80* 0.00),9.199993,13.79999,(0.00* 0.00* 0.00),0,0,(339.80* 0.00* 0.00)
315,1,24.46967,(352.00* 16.20* 0.00),12.2,16.19999,(0.00* 0.00* 0.00),0,0,(339.80* 0.00* 0.00)
315,1,24.50021,(354.60* 18.00* 0.00),14.79999,17.99999,(0.00* 0.00* 0.00),0,0,(339.80* 0.00* 0.00)
315,1,24.52926,(355.60* 18.60* 0.00),15.8,18.59998,(0.00* 0.00* 0.00),0,0,(339.80* 0.00* 0.00)
315,1,24.55402,(356.00* 18.80* 0.00),16.2,18.79999,(0.00* 0.00* 0.00),0,0,(339.80* 0.00* 0.00)
315,1,24.58576,(357.60* 19.40* 0.00),17.8,19.39999,(0.00* 0.00* 0.00),0,0,(339.80* 0.00* 0.00)
315,1,24.6138,(359.60* 20.20* 0.00),19.79999,20.19998,(0.00* 0.00* 0.00),0,0,(339.80* 0.00* 0.00)
315,1,24.64179,(2.60* 21.80* 0.00),22.8,21.79999,(0.00* 0.00* 0.00),0,0,(339.80* 0.00* 0.00)
315,1,24.66711,(5.00* 23.20* 0.00),25.19999,23.19999,(0.00* 0.00* 0.00),0,0,(339.80* 0.00* 0.00)
315,1,24.69456,(6.40* 24.20* 0.00),26.59999,24.19999,(0.00* 0.00* 0.00),0,0,(339.80* 0.00* 0.00)
315,1,24.72224,(7.80* 25.20* 0.00),28,25.19999,(0.00* 0.00* 0.00),0,0,(339.80* 0.00* 0.00)
315,1,24.74884,(9.60* 26.20* 0.00),29.8,26.19999,(0.00* 0.00* 0.00),0,0,(339.80* 0.00* 0.00)
315,1,24.77659,(11.00* 27.80* 0.00),31.2,27.79998,(0.00* 0.00* 0.00),0,0,(339.80* 0.00* 0.00)
315,2,26.08086,(340.20* 359.20* 0.00),0.3999903,-0.8000183,(0.00* 0.00* 0.00),0,0,(339.80* 0.00* 0.00)
315,2,26.10958,(340.20* 359.20* 0.00),0.3999903,-0.8000183,(0.00* 0.00* 0.00),0,0,(339.80* 0.00* 0.00)
315,2,26.13612,(340.20* 359.20* 0.00),0.3999903,-0.8000183,(0.00* 0.00* 0.00),0,0,(339.80* 0.00* 0.00)
315,2,26.16451,(340.20* 359.20* 0.00),0.3999903,-0.8000183,(0.00* 0.00* 0.00),0,0,(339.80* 0.00* 0.00)
315,2,26.19184,(340.20* 359.20* 0.00),0.3999903,-0.8000183,(0.00* 0.00* 0.00),0,0,(339.80* 0.00* 0.00)
315,2,26.22064,(340.20* 359.20* 0.00),0.3999903,-0.8000183,(0.00* 0.00* 0.00),0,0,(339.80* 0.00* 0.00)
315,2,26.24693,(340.20* 359.20* 0.00),0.3999903,-0.8000183,(0.00* 0.00* 0.00),0,0,(339.80* 0.00* 0.00)
315,2,26.27637,(340.80* 359.20* 0.00),0.9999918,-0.8000183,(0.00* 0.00* 0.00),0,0,(339.80* 0.00* 0.00)
315,2,26.30263,(343.20* 0.80* 0.00),3.399989,0.7999851,(0.00* 0.00* 0.00),0,0,(339.80* 0.00* 0.00)
315,2,26.3306,(346.20* 2.80* 0.00),6.399991,2.799985,(0.00* 0.00* 0.00),0,0,(339.80* 0.00* 0.00)
315,2,26.35866,(350.40* 5.80* 0.00),10.59999,5.799986,(0.00* 0.00* 0.00),0,0,(339.80* 0.00* 0.00)
315,2,26.38613,(355.40* 9.20* 0.00),15.59999,9.199985,(0.00* 0.00* 0.00),0,0,(339.80* 0.00* 0.00)
315,2,26.4145,(359.80* 12.60* 0.00),19.99999,12.59999,(0.00* 0.00* 0.00),0,0,(339.80* 0.00* 0.00)
315,2,26.44229,(2.40* 15.00* 0.00),22.59999,14.99999,(0.00* 0.00* 0.00),0,0,(339.80* 0.00* 0.00)
315,2,26.46906,(3.40* 16.00* 0.00),23.6,15.99998,(0.00* 0.00* 0.00),0,0,(339.80* 0.00* 0.00)
315,2,26.49768,(4.00* 16.60* 0.00),24.19999,16.59999,(0.00* 0.00* 0.00),0,0,(339.80* 0.00* 0.00)
315,2,26.52496,(4.20* 16.80* 0.00),24.4,16.79998,(0.00* 0.00* 0.00),0,0,(339.80* 0.00* 0.00)
315,2,26.55259,(4.40* 17.00* 0.00),24.59999,16.99998,(0.00* 0.00* 0.00),0,0,(339.80* 0.00* 0.00)
315,2,26.58082,(5.20* 17.80* 0.00),25.39999,17.79998,(0.00* 0.00* 0.00),0,0,(339.80* 0.00* 0.00)
315,2,26.60876,(6.20* 19.00* 0.00),26.39999,18.99999,(0.00* 0.00* 0.00),0,0,(339.80* 0.00* 0.00)
315,2,26.63607,(7.80* 20.80* 0.00),28,20.79999,(0.00* 0.00* 0.00),0,0,(339.80* 0.00* 0.00)
315,2,26.66394,(9.60* 23.40* 0.00),29.8,23.39998,(0.00* 0.00* 0.00),0,0,(339.80* 0.00* 0.00)
315,2,26.6913,(11.20* 25.20* 0.00),31.4,25.19999,(0.00* 0.00* 0.00),0,0,(339.80* 0.00* 0.00)
315,2,26.72026,(13.20* 26.80* 0.00),33.4,26.79999,(0.00* 0.00* 0.00),0,0,(339.80* 0.00* 0.00)
315,2,26.74668,(14.60* 28.40* 0.00),34.8,28.39999,(0.00* 0.00* 0.00),0,0,(339.80* 0.00* 0.00)
315,3,28.02603,(340.20* 358.80* 0.00),0.3999884,-1.200012,(0.00* 0.00* 0.00),0,0,(339.80* 0.00* 0.00)
315,3,28.05232,(340.20* 358.80* 0.00),0.3999884,-1.200012,(0.00* 0.00* 0.00),0,0,(339.80* 0.00* 0.00)
315,3,28.08079,(340.20* 358.80* 0.00),0.3999884,-1.200012,(0.00* 0.00* 0.00),0,0,(339.80* 0.00* 0.00)
315,3,28.10795,(340.80* 359.40* 0.00),0.9999868,-0.6000061,(0.00* 0.00* 0.00),0,0,(339.80* 0.00* 0.00)
315,3,28.13648,(341.80* 0.20* 0.00),1.999987,0.199989,(0.00* 0.00* 0.00),0,0,(339.80* 0.00* 0.00)
315,3,28.16431,(343.20* 1.00* 0.00),3.399985,0.9999891,(0.00* 0.00* 0.00),0,0,(339.80* 0.00* 0.00)
315,3,28.19241,(345.80* 3.20* 0.00),5.999988,3.199989,(0.00* 0.00* 0.00),0,0,(339.80* 0.00* 0.00)
315,3,28.21963,(348.00* 6.00* 0.00),8.199986,5.99999,(0.00* 0.00* 0.00),0,0,(339.80* 0.00* 0.00)
315,3,28.24739,(349.20* 7.20* 0.00),9.399987,7.199988,(0.00* 0.00* 0.00),0,0,(339.80* 0.00* 0.00)
315,3,28.27505,(350.40* 8.40* 0.00),10.59999,8.399989,(0.00* 0.00* 0.00),0,0,(339.80* 0.00* 0.00)
315,3,28.3028,(353.00* 11.20* 0.00),13.19999,11.19999,(0.00* 0.00* 0.00),0,0,(339.80* 0.00* 0.00)
315,3,28.33052,(355.40* 13.80* 0.00),15.59999,13.79999,(0.00* 0.00* 0.00),0,0,(339.80* 0.00* 0.00)
315,3,28.35872,(357.80* 16.60* 0.00),17.99999,16.59999,(0.00* 0.00* 0.00),0,0,(339.80* 0.00* 0.00)
315,3,28.39362,(2.00* 20.00* 0.00),22.19999,19.99999,(0.00* 0.00* 0.00),0,0,(339.80* 0.00* 0.00)
315,3,28.41495,(5.60* 23.60* 0.00),25.79999,23.59999,(0.00* 0.00* 0.00),0,0,(339.80* 0.00* 0.00)
315,3,28.44166,(8.00* 26.80* 0.00),28.19999,26.79999,(0.00* 0.00* 0.00),0,0,(339.80* 0.00* 0.00)
315,3,28.46914,(8.80* 27.60* 0.00),28.99999,27.59999,(0.00* 0.00* 0.00),0,0,(339.80* 0.00* 0.00)
315,3,28.49724,(9.00* 27.80* 0.00),29.19999,27.8,(0.00* 0.00* 0.00),0,0,(339.80* 0.00* 0.00)
315,3,28.52513,(10.00* 28.60* 0.00),30.19999,28.59999,(0.00* 0.00* 0.00),0,0,(339.80* 0.00* 0.00)
0,1,30.37379,(339.00* 0.40* 0.00),-0.8000183,0.3999937,(0.00* 0.00* 0.00),0,0,(339.80* 0.00* 0.00)
0,1,30.40015,(339.00* 0.40* 0.00),-0.8000183,0.3999937,(0.00* 0.00* 0.00),0,0,(339.80* 0.00* 0.00)
0,1,30.42781,(339.00* 0.40* 0.00),-0.8000183,0.3999937,(0.00* 0.00* 0.00),0,0,(339.80* 0.00* 0.00)
0,1,30.45608,(339.00* 0.40* 0.00),-0.8000183,0.3999937,(0.00* 0.00* 0.00),0,0,(339.80* 0.00* 0.00)
0,1,30.48376,(339.00* 0.40* 0.00),-0.8000183,0.3999937,(0.00* 0.00* 0.00),0,0,(339.80* 0.00* 0.00)
0,1,30.5107,(339.00* 0.40* 0.00),-0.8000183,0.3999937,(0.00* 0.00* 0.00),0,0,(339.80* 0.00* 0.00)
0,1,30.53882,(339.00* 0.40* 0.00),-0.8000183,0.3999937,(0.00* 0.00* 0.00),0,0,(339.80* 0.00* 0.00)
0,1,30.56672,(339.00* 0.40* 0.00),-0.8000183,0.3999937,(0.00* 0.00* 0.00),0,0,(339.80* 0.00* 0.00)
0,1,30.59497,(339.00* 0.40* 0.00),-0.8000183,0.3999937,(0.00* 0.00* 0.00),0,0,(339.80* 0.00* 0.00)
0,1,30.62258,(339.00* 0.40* 0.00),-0.8000183,0.3999937,(0.00* 0.00* 0.00),0,0,(339.80* 0.00* 0.00)
0,1,30.64957,(339.00* 0.40* 0.00),-0.8000183,0.3999937,(0.00* 0.00* 0.00),0,0,(339.80* 0.00* 0.00)
0,1,30.67807,(339.00* 0.40* 0.00),-0.8000183,0.3999937,(0.00* 0.00* 0.00),0,0,(339.80* 0.00* 0.00)
0,1,30.7058,(339.00* 0.40* 0.00),-0.8000183,0.3999937,(0.00* 0.00* 0.00),0,0,(339.80* 0.00* 0.00)
0,1,30.73327,(339.00* 0.80* 0.00),-0.8000183,0.7999936,(0.00* 0.00* 0.00),0,0,(339.80* 0.00* 0.00)
0,1,30.76164,(339.80* 4.00* 0.00),-1.725703E-05,3.999994,(0.00* 0.00* 0.00),0,0,(339.80* 0.00* 0.00)
0,1,30.78934,(340.40* 7.80* 0.00),0.5999843,7.799994,(0.00* 0.00* 0.00),0,0,(339.80* 0.00* 0.00)
0,1,30.81719,(340.60* 12.20* 0.00),0.7999839,12.2,(0.00* 0.00* 0.00),0,0,(339.80* 0.00* 0.00)
0,1,30.84445,(340.60* 16.40* 0.00),0.7999836,16.39999,(0.00* 0.00* 0.00),0,0,(339.80* 0.00* 0.00)
0,1,30.87197,(340.60* 17.40* 0.00),0.7999849,17.39999,(0.00* 0.00* 0.00),0,0,(339.80* 0.00* 0.00)
0,1,30.90012,(340.60* 17.80* 0.00),0.7999853,17.8,(0.00* 0.00* 0.00),0,0,(339.80* 0.00* 0.00)
0,1,30.92776,(340.60* 18.60* 0.00),0.7999848,18.59999,(0.00* 0.00* 0.00),0,0,(339.80* 0.00* 0.00)
0,1,30.95583,(340.60* 21.00* 0.00),0.7999839,21,(0.00* 0.00* 0.00),0,0,(339.80* 0.00* 0.00)
0,1,30.98409,(340.60* 23.60* 0.00),0.7999846,23.6,(0.00* 0.00* 0.00),0,0,(339.80* 0.00* 0.00)
0,1,31.01177,(340.60* 25.40* 0.00),0.799984,25.4,(0.00* 0.00* 0.00),0,0,(339.80* 0.00* 0.00)
0,1,31.03882,(340.80* 27.80* 0.00),0.9999862,27.8,(0.00* 0.00* 0.00),0,0,(339.80* 0.00* 0.00)
0,1,31.06673,(341.60* 31.20* 0.00),1.799986,31.2,(0.00* 0.00* 0.00),0,0,(339.80* 0.00* 0.00)
0,1,31.09509,(342.80* 35.80* 0.00),2.999988,35.8,(0.00* 0.00* 0.00),0,0,(339.80* 0.00* 0.00)
0,1,31.12283,(344.20* 41.60* 0.00),4.399989,41.6,(0.00* 0.00* 0.00),0,0,(339.80* 0.00* 0.00)
0,1,31.1499,(345.00* 46.00* 0.00),5.199985,46,(0.00* 0.00* 0.00),0,0,(339.80* 0.00* 0.00)
0,1,31.17775,(345.40* 48.20* 0.00),5.599986,48.2,(0.00* 0.00* 0.00),0,0,(339.80* 0.00* 0.00)
0,1,31.20598,(345.40* 49.00* 0.00),5.599985,49,(0.00* 0.00* 0.00),0,0,(339.80* 0.00* 0.00)
0,1,31.23346,(345.40* 49.20* 0.00),5.599987,49.2,(0.00* 0.00* 0.00),0,0,(339.80* 0.00* 0.00)
0,1,31.26118,(345.40* 49.60* 0.00),5.599985,49.6,(0.00* 0.00* 0.00),0,0,(339.80* 0.00* 0.00)
0,1,31.28836,(345.40* 50.00* 0.00),5.599984,50,(0.00* 0.00* 0.00),0,0,(339.80* 0.00* 0.00)
0,1,31.31664,(345.60* 50.60* 0.00),5.799986,50.6,(0.00* 0.00* 0.00),0,0,(339.80* 0.00* 0.00)
0,1,31.34417,(345.80* 51.60* 0.00),5.999988,51.60001,(0.00* 0.00* 0.00),0,0,(339.80* 0.00* 0.00)
0,1,31.37243,(346.00* 52.60* 0.00),6.199986,52.60001,(0.00* 0.00* 0.00),0,0,(339.80* 0.00* 0.00)
0,1,31.40096,(346.00* 53.20* 0.00),6.199986,53.2,(0.00* 0.00* 0.00),0,0,(339.80* 0.00* 0.00)
0,1,31.42774,(346.20* 54.00* 0.00),6.399987,54.00001,(0.00* 0.00* 0.00),0,0,(339.80* 0.00* 0.00)
0,1,31.45594,(346.40* 54.40* 0.00),6.599986,54.40001,(0.00* 0.00* 0.00),0,0,(339.80* 0.00* 0.00)
0,1,31.48302,(346.40* 54.40* 0.00),6.599986,54.40001,(0.00* 0.00* 0.00),0,0,(339.80* 0.00* 0.00)
0,1,31.51083,(346.40* 55.00* 0.00),6.599984,55.00001,(0.00* 0.00* 0.00),0,0,(339.80* 0.00* 0.00)
0,2,32.74767,(340.00* 359.00* 0.00),0.199978,-1,(0.00* 0.00* 0.00),0,0,(339.80* 0.00* 0.00)
0,2,32.77493,(340.00* 359.00* 0.00),0.199978,-1,(0.00* 0.00* 0.00),0,0,(339.80* 0.00* 0.00)
0,2,32.8026,(340.00* 359.00* 0.00),0.199978,-1,(0.00* 0.00* 0.00),0,0,(339.80* 0.00* 0.00)
0,2,32.83006,(340.00* 359.00* 0.00),0.199978,-1,(0.00* 0.00* 0.00),0,0,(339.80* 0.00* 0.00)
0,2,32.85838,(340.00* 359.00* 0.00),0.199978,-1,(0.00* 0.00* 0.00),0,0,(339.80* 0.00* 0.00)
0,2,32.88608,(340.00* 359.00* 0.00),0.199978,-1,(0.00* 0.00* 0.00),0,0,(339.80* 0.00* 0.00)
0,2,32.91379,(340.00* 359.00* 0.00),0.199978,-1,(0.00* 0.00* 0.00),0,0,(339.80* 0.00* 0.00)
0,2,32.94172,(340.20* 1.80* 0.00),0.3999783,1.800012,(0.00* 0.00* 0.00),0,0,(339.80* 0.00* 0.00)
0,2,32.9696,(341.00* 7.80* 0.00),1.199976,7.800012,(0.00* 0.00* 0.00),0,0,(339.80* 0.00* 0.00)
0,2,32.99775,(341.60* 14.60* 0.00),1.799976,14.60001,(0.00* 0.00* 0.00),0,0,(339.80* 0.00* 0.00)
0,2,33.02515,(342.00* 18.60* 0.00),2.199979,18.60002,(0.00* 0.00* 0.00),0,0,(339.80* 0.00* 0.00)
0,2,33.05248,(342.20* 21.40* 0.00),2.39998,21.40001,(0.00* 0.00* 0.00),0,0,(339.80* 0.00* 0.00)
0,2,33.08084,(342.60* 25.00* 0.00),2.799981,25.00001,(0.00* 0.00* 0.00),0,0,(339.80* 0.00* 0.00)
0,2,33.10845,(343.00* 29.00* 0.00),3.199982,29.00002,(0.00* 0.00* 0.00),0,0,(339.80* 0.00* 0.00)
0,2,33.13586,(343.20* 32.00* 0.00),3.399985,32.00002,(0.00* 0.00* 0.00),0,0,(339.80* 0.00* 0.00)
0,2,33.16454,(343.40* 34.20* 0.00),3.599984,34.20002,(0.00* 0.00* 0.00),0,0,(339.80* 0.00* 0.00)
0,2,33.19245,(343.80* 37.20* 0.00),3.999985,37.20002,(0.00* 0.00* 0.00),0,0,(339.80* 0.00* 0.00)
0,2,33.22042,(344.20* 40.80* 0.00),4.399984,40.80001,(0.00* 0.00* 0.00),0,0,(339.80* 0.00* 0.00)
0,2,33.24687,(344.80* 43.60* 0.00),4.999983,43.60002,(0.00* 0.00* 0.00),0,0,(339.80* 0.00* 0.00)
0,2,33.27488,(345.20* 46.20* 0.00),5.399984,46.20002,(0.00* 0.00* 0.00),0,0,(339.80* 0.00* 0.00)
0,2,33.303,(345.40* 47.80* 0.00),5.599983,47.80001,(0.00* 0.00* 0.00),0,0,(339.80* 0.00* 0.00)
0,2,33.33083,(345.60* 49.40* 0.00),5.799982,49.40001,(0.00* 0.00* 0.00),0,0,(339.80* 0.00* 0.00)
0,2,33.35882,(346.00* 50.20* 0.00),6.199981,50.20002,(0.00* 0.00* 0.00),0,0,(339.80* 0.00* 0.00)
0,2,33.3866,(346.00* 50.80* 0.00),6.199983,50.80002,(0.00* 0.00* 0.00),0,0,(339.80* 0.00* 0.00)
0,2,33.41427,(346.40* 52.40* 0.00),6.599982,52.40002,(0.00* 0.00* 0.00),0,0,(339.80* 0.00* 0.00)
0,2,33.44204,(346.80* 54.20* 0.00),6.999979,54.20002,(0.00* 0.00* 0.00),0,0,(339.80* 0.00* 0.00)
0,3,35.28902,(339.80* 0.80* 0.00),-1.992713E-05,0.8000183,(0.00* 0.00* 0.00),0,0,(339.80* 0.00* 0.00)
0,3,35.31671,(339.80* 0.80* 0.00),-1.992713E-05,0.8000183,(0.00* 0.00* 0.00),0,0,(339.80* 0.00* 0.00)
0,3,35.34474,(339.80* 0.80* 0.00),-1.992713E-05,0.8000183,(0.00* 0.00* 0.00),0,0,(339.80* 0.00* 0.00)
0,3,35.372,(339.80* 0.80* 0.00),-1.992713E-05,0.8000183,(0.00* 0.00* 0.00),0,0,(339.80* 0.00* 0.00)
0,3,35.40007,(339.80* 0.80* 0.00),-1.992713E-05,0.8000183,(0.00* 0.00* 0.00),0,0,(339.80* 0.00* 0.00)
0,3,35.4272,(339.80* 0.80* 0.00),-1.992713E-05,0.8000183,(0.00* 0.00* 0.00),0,0,(339.80* 0.00* 0.00)
0,3,35.45555,(339.80* 0.80* 0.00),-1.992713E-05,0.8000183,(0.00* 0.00* 0.00),0,0,(339.80* 0.00* 0.00)
0,3,35.48422,(339.80* 0.80* 0.00),-1.992713E-05,0.8000183,(0.00* 0.00* 0.00),0,0,(339.80* 0.00* 0.00)
0,3,35.51343,(339.80* 0.80* 0.00),-1.992713E-05,0.8000183,(0.00* 0.00* 0.00),0,0,(339.80* 0.00* 0.00)
0,3,35.542,(339.80* 0.80* 0.00),-1.992713E-05,0.8000183,(0.00* 0.00* 0.00),0,0,(339.80* 0.00* 0.00)
0,3,35.56749,(339.80* 0.80* 0.00),-1.992713E-05,0.8000183,(0.00* 0.00* 0.00),0,0,(339.80* 0.00* 0.00)
0,3,35.59992,(340.20* 2.20* 0.00),0.3999811,2.200018,(0.00* 0.00* 0.00),0,0,(339.80* 0.00* 0.00)
0,3,35.62603,(341.00* 5.80* 0.00),1.199982,5.800019,(0.00* 0.00* 0.00),0,0,(339.80* 0.00* 0.00)
0,3,35.65098,(342.20* 11.20* 0.00),2.39998,11.20002,(0.00* 0.00* 0.00),0,0,(339.80* 0.00* 0.00)
0,3,35.68034,(342.80* 18.20* 0.00),2.999981,18.20002,(0.00* 0.00* 0.00),0,0,(339.80* 0.00* 0.00)
0,3,35.70953,(343.40* 24.40* 0.00),3.599981,24.40002,(0.00* 0.00* 0.00),0,0,(339.80* 0.00* 0.00)
0,3,35.73474,(343.80* 28.60* 0.00),3.999982,28.60002,(0.00* 0.00* 0.00),0,0,(339.80* 0.00* 0.00)
0,3,35.76492,(344.80* 33.80* 0.00),4.999982,33.80002,(0.00* 0.00* 0.00),0,0,(339.80* 0.00* 0.00)
0,3,35.80618,(346.00* 42.00* 0.00),6.199981,42.00002,(0.00* 0.00* 0.00),0,0,(339.80* 0.00* 0.00)
0,3,35.83272,(346.60* 45.60* 0.00),6.79998,45.60002,(0.00* 0.00* 0.00),0,0,(339.80* 0.00* 0.00)
0,3,35.8606,(347.00* 47.80* 0.00),7.199979,47.80001,(0.00* 0.00* 0.00),0,0,(339.80* 0.00* 0.00)
0,3,35.88734,(347.20* 49.60* 0.00),7.399981,49.60002,(0.00* 0.00* 0.00),0,0,(339.80* 0.00* 0.00)
0,3,35.91495,(347.40* 50.60* 0.00),7.599977,50.60002,(0.00* 0.00* 0.00),0,0,(339.80* 0.00* 0.00)
0,3,35.94338,(347.40* 50.60* 0.00),7.599977,50.60002,(0.00* 0.00* 0.00),0,0,(339.80* 0.00* 0.00)
0,3,35.97152,(347.40* 50.60* 0.00),7.599977,50.60002,(0.00* 0.00* 0.00),0,0,(339.80* 0.00* 0.00)
0,3,35.99918,(347.40* 51.00* 0.00),7.599981,51.00002,(0.00* 0.00* 0.00),0,0,(339.80* 0.00* 0.00)
0,3,36.02626,(347.60* 51.80* 0.00),7.799981,51.80002,(0.00* 0.00* 0.00),0,0,(339.80* 0.00* 0.00)
0,3,36.05399,(347.60* 51.80* 0.00),7.799981,51.80002,(0.00* 0.00* 0.00),0,0,(339.80* 0.00* 0.00)
0,3,36.08187,(347.60* 51.80* 0.00),7.799981,51.80002,(0.00* 0.00* 0.00),0,0,(339.80* 0.00* 0.00)
0,3,36.10907,(347.80* 52.20* 0.00),7.999981,52.20002,(0.00* 0.00* 0.00),0,0,(339.80* 0.00* 0.00)
0,3,36.14024,(348.00* 53.20* 0.00),8.199981,53.20002,(0.00* 0.00* 0.00),0,0,(339.80* 0.00* 0.00)
45,1,37.84574,(342.40* 359.80* 0.00),2.599978,-0.1999817,(0.00* 0.00* 0.00),0,0,(339.80* 0.00* 0.00)
45,1,37.873,(342.40* 359.80* 0.00),2.599978,-0.1999817,(0.00* 0.00* 0.00),0,0,(339.80* 0.00* 0.00)
45,1,37.90026,(342.40* 359.80* 0.00),2.599978,-0.1999817,(0.00* 0.00* 0.00),0,0,(339.80* 0.00* 0.00)
45,1,37.92799,(342.40* 359.80* 0.00),2.599978,-0.1999817,(0.00* 0.00* 0.00),0,0,(339.80* 0.00* 0.00)
45,1,37.95589,(342.40* 359.80* 0.00),2.599978,-0.1999817,(0.00* 0.00* 0.00),0,0,(339.80* 0.00* 0.00)
45,1,37.98381,(342.40* 359.80* 0.00),2.599978,-0.1999817,(0.00* 0.00* 0.00),0,0,(339.80* 0.00* 0.00)
45,1,38.01122,(342.40* 359.80* 0.00),2.599978,-0.1999817,(0.00* 0.00* 0.00),0,0,(339.80* 0.00* 0.00)
45,1,38.03927,(342.40* 359.80* 0.00),2.599978,-0.1999817,(0.00* 0.00* 0.00),0,0,(339.80* 0.00* 0.00)
45,1,38.06834,(341.80* 0.00* 0.00),1.999978,1.587004E-05,(0.00* 0.00* 0.00),0,0,(339.80* 0.00* 0.00)
45,1,38.09505,(340.20* 0.60* 0.00),0.3999811,0.6000159,(0.00* 0.00* 0.00),0,0,(339.80* 0.00* 0.00)
45,1,38.12267,(338.80* 1.80* 0.00),-1.000031,1.800016,(0.00* 0.00* 0.00),0,0,(339.80* 0.00* 0.00)
45,1,38.15008,(337.20* 3.20* 0.00),-2.600006,3.200016,(0.00* 0.00* 0.00),0,0,(339.80* 0.00* 0.00)
45,1,38.17801,(335.40* 4.60* 0.00),-4.400024,4.600016,(0.00* 0.00* 0.00),0,0,(339.80* 0.00* 0.00)
45,1,38.20735,(333.60* 6.40* 0.00),-6.200012,6.400017,(0.00* 0.00* 0.00),0,0,(339.80* 0.00* 0.00)
45,1,38.23346,(332.60* 7.00* 0.00),-7.200012,7.000016,(0.00* 0.00* 0.00),0,0,(339.80* 0.00* 0.00)
45,1,38.2617,(329.80* 9.60* 0.00),-10.00003,9.600016,(0.00* 0.00* 0.00),0,0,(339.80* 0.00* 0.00)
45,1,38.28897,(327.60* 13.40* 0.00),-12.20001,13.40002,(0.00* 0.00* 0.00),0,0,(339.80* 0.00* 0.00)
45,1,38.31796,(325.60* 18.60* 0.00),-14.20001,18.60002,(0.00* 0.00* 0.00),0,0,(339.80* 0.00* 0.00)
45,1,38.34449,(324.60* 21.80* 0.00),-15.20001,21.80002,(0.00* 0.00* 0.00),0,0,(339.80* 0.00* 0.00)
45,1,38.37209,(323.80* 24.20* 0.00),-16.00003,24.20002,(0.00* 0.00* 0.00),0,0,(339.80* 0.00* 0.00)
45,1,38.39988,(323.00* 26.00* 0.00),-16.80002,26.00002,(0.00* 0.00* 0.00),0,0,(339.80* 0.00* 0.00)
45,1,38.42789,(322.00* 27.80* 0.00),-17.80002,27.80002,(0.00* 0.00* 0.00),0,0,(339.80* 0.00* 0.00)
45,1,38.45536,(321.20* 30.00* 0.00),-18.60004,30.00002,(0.00* 0.00* 0.00),0,0,(339.80* 0.00* 0.00)
45,1,38.48344,(320.80* 32.80* 0.00),-19.00003,32.80002,(0.00* 0.00* 0.00),0,0,(339.80* 0.00* 0.00)
45,1,38.51074,(320.00* 35.00* 0.00),-19.80002,35.00002,(0.00* 0.00* 0.00),0,0,(339.80* 0.00* 0.00)
45,1,38.53876,(319.20* 36.80* 0.00),-20.60004,36.80002,(0.00* 0.00* 0.00),0,0,(339.80* 0.00* 0.00)
45,1,38.56683,(318.80* 38.00* 0.00),-21.00003,38.00002,(0.00* 0.00* 0.00),0,0,(339.80* 0.00* 0.00)
45,1,38.59443,(318.20* 39.20* 0.00),-21.60004,39.20002,(0.00* 0.00* 0.00),0,0,(339.80* 0.00* 0.00)
45,1,38.62249,(317.40* 40.80* 0.00),-22.40005,40.80002,(0.00* 0.00* 0.00),0,0,(339.80* 0.00* 0.00)
45,1,38.64973,(316.80* 41.80* 0.00),-23.00003,41.80002,(0.00* 0.00* 0.00),0,0,(339.80* 0.00* 0.00)
45,1,38.67793,(316.60* 42.20* 0.00),-23.20004,42.20002,(0.00* 0.00* 0.00),0,0,(339.80* 0.00* 0.00)
45,1,38.7059,(316.20* 42.60* 0.00),-23.60004,42.60003,(0.00* 0.00* 0.00),0,0,(339.80* 0.00* 0.00)
45,2,40.01234,(340.40* 358.20* 0.00),0.599952,-1.799988,(0.00* 0.00* 0.00),0,0,(339.80* 0.00* 0.00)
45,2,40.03891,(340.40* 358.20* 0.00),0.599952,-1.799988,(0.00* 0.00* 0.00),0,0,(339.80* 0.00* 0.00)
45,2,40.06665,(340.40* 358.20* 0.00),0.599952,-1.799988,(0.00* 0.00* 0.00),0,0,(339.80* 0.00* 0.00)
45,2,40.09536,(340.40* 358.20* 0.00),0.599952,-1.799988,(0.00* 0.00* 0.00),0,0,(339.80* 0.00* 0.00)
45,2,40.12214,(340.40* 358.20* 0.00),0.599952,-1.799988,(0.00* 0.00* 0.00),0,0,(339.80* 0.00* 0.00)
45,2,40.1496,(340.40* 358.20* 0.00),0.599952,-1.799988,(0.00* 0.00* 0.00),0,0,(339.80* 0.00* 0.00)
45,2,40.17985,(339.40* 0.40* 0.00),-0.4000549,0.4000272,(0.00* 0.00* 0.00),0,0,(339.80* 0.00* 0.00)
45,2,40.20551,(337.40* 5.40* 0.00),-2.400055,5.400027,(0.00* 0.00* 0.00),0,0,(339.80* 0.00* 0.00)
45,2,40.23305,(335.60* 10.20* 0.00),-4.200043,10.20003,(0.00* 0.00* 0.00),0,0,(339.80* 0.00* 0.00)
45,2,40.26144,(333.80* 13.80* 0.00),-6.000031,13.80003,(0.00* 0.00* 0.00),0,0,(339.80* 0.00* 0.00)
45,2,40.28848,(332.60* 16.60* 0.00),-7.200043,16.60003,(0.00* 0.00* 0.00),0,0,(339.80* 0.00* 0.00)
45,2,40.31645,(330.60* 19.60* 0.00),-9.200043,19.60003,(0.00* 0.00* 0.00),0,0,(339.80* 0.00* 0.00)
45,2,40.34452,(329.00* 22.40* 0.00),-10.80005,22.40003,(0.00* 0.00* 0.00),0,0,(339.80* 0.00* 0.00)
45,2,40.37213,(327.40* 25.00* 0.00),-12.40005,25.00003,(0.00* 0.00* 0.00),0,0,(339.80* 0.00* 0.00)
45,2,40.39989,(326.00* 27.20* 0.00),-13.80005,27.20003,(0.00* 0.00* 0.00),0,0,(339.80* 0.00* 0.00)
45,2,40.42843,(324.80* 28.80* 0.00),-15.00003,28.80003,(0.00* 0.00* 0.00),0,0,(339.80* 0.00* 0.00)
45,2,40.45568,(324.00* 30.80* 0.00),-15.80005,30.80002,(0.00* 0.00* 0.00),0,0,(339.80* 0.00* 0.00)
45,2,40.48325,(323.00* 32.00* 0.00),-16.80005,32.00003,(0.00* 0.00* 0.00),0,0,(339.80* 0.00* 0.00)
45,2,40.51062,(322.40* 33.00* 0.00),-17.40005,33.00003,(0.00* 0.00* 0.00),0,0,(339.80* 0.00* 0.00)
45,2,40.53947,(321.40* 34.80* 0.00),-18.40005,34.80003,(0.00* 0.00* 0.00),0,0,(339.80* 0.00* 0.00)
45,2,40.56682,(320.20* 36.40* 0.00),-19.60004,36.40003,(0.00* 0.00* 0.00),0,0,(339.80* 0.00* 0.00)
45,2,40.59446,(319.40* 37.40* 0.00),-20.40005,37.40003,(0.00* 0.00* 0.00),0,0,(339.80* 0.00* 0.00)
45,2,40.62267,(318.60* 38.60* 0.00),-21.20004,38.60003,(0.00* 0.00* 0.00),0,0,(339.80* 0.00* 0.00)
45,2,40.64964,(317.20* 41.00* 0.00),-22.60004,41.00003,(0.00* 0.00* 0.00),0,0,(339.80* 0.00* 0.00)
45,3,42.27528,(339.40* 0.00* 0.00),-0.4000244,3.080071E-05,(0.00* 0.00* 0.00),0,0,(339.80* 0.00* 0.00)
45,3,42.30314,(339.40* 0.00* 0.00),-0.4000244,3.080071E-05,(0.00* 0.00* 0.00),0,0,(339.80* 0.00* 0.00)
45,3,42.33035,(339.40* 0.00* 0.00),-0.4000244,3.080071E-05,(0.00* 0.00* 0.00),0,0,(339.80* 0.00* 0.00)
45,3,42.35825,(339.40* 0.00* 0.00),-0.4000244,3.080071E-05,(0.00* 0.00* 0.00),0,0,(339.80* 0.00* 0.00)
45,3,42.38602,(339.40* 0.00* 0.00),-0.4000244,3.080071E-05,(0.00* 0.00* 0.00),0,0,(339.80* 0.00* 0.00)
45,3,42.41458,(339.40* 0.00* 0.00),-0.4000244,3.080071E-05,(0.00* 0.00* 0.00),0,0,(339.80* 0.00* 0.00)
45,3,42.44172,(339.40* 0.00* 0.00),-0.4000244,3.080071E-05,(0.00* 0.00* 0.00),0,0,(339.80* 0.00* 0.00)
45,3,42.46893,(339.40* 0.00* 0.00),-0.4000244,3.080071E-05,(0.00* 0.00* 0.00),0,0,(339.80* 0.00* 0.00)
45,3,42.49775,(339.40* 0.00* 0.00),-0.4000244,3.080071E-05,(0.00* 0.00* 0.00),0,0,(339.80* 0.00* 0.00)
45,3,42.5293,(339.40* 0.00* 0.00),-0.4000244,3.080071E-05,(0.00* 0.00* 0.00),0,0,(339.80* 0.00* 0.00)
45,3,42.55249,(339.40* 0.00* 0.00),-0.4000244,3.080071E-05,(0.00* 0.00* 0.00),0,0,(339.80* 0.00* 0.00)
45,3,42.58113,(339.20* 0.20* 0.00),-0.6000366,0.2000308,(0.00* 0.00* 0.00),0,0,(339.80* 0.00* 0.00)
45,3,42.60845,(336.80* 3.80* 0.00),-3.000031,3.800031,(0.00* 0.00* 0.00),0,0,(339.80* 0.00* 0.00)
45,3,42.63643,(333.80* 8.40* 0.00),-6.000031,8.400031,(0.00* 0.00* 0.00),0,0,(339.80* 0.00* 0.00)
45,3,42.66404,(332.00* 11.80* 0.00),-7.800049,11.80003,(0.00* 0.00* 0.00),0,0,(339.80* 0.00* 0.00)
45,3,42.69167,(331.00* 13.40* 0.00),-8.800049,13.40003,(0.00* 0.00* 0.00),0,0,(339.80* 0.00* 0.00)
45,3,42.71966,(329.20* 15.60* 0.00),-10.60004,15.60003,(0.00* 0.00* 0.00),0,0,(339.80* 0.00* 0.00)
45,3,42.74752,(327.00* 18.60* 0.00),-12.80005,18.60003,(0.00* 0.00* 0.00),0,0,(339.80* 0.00* 0.00)
45,3,42.77512,(325.60* 21.60* 0.00),-14.20004,21.60003,(0.00* 0.00* 0.00),0,0,(339.80* 0.00* 0.00)
45,3,42.80289,(324.40* 23.20* 0.00),-15.40002,23.20003,(0.00* 0.00* 0.00),0,0,(339.80* 0.00* 0.00)
45,3,42.83046,(323.80* 24.60* 0.00),-16.00003,24.60003,(0.00* 0.00* 0.00),0,0,(339.80* 0.00* 0.00)
45,3,42.85887,(323.20* 26.40* 0.00),-16.60004,26.40003,(0.00* 0.00* 0.00),0,0,(339.80* 0.00* 0.00)
45,3,42.88636,(322.40* 29.60* 0.00),-17.40005,29.60003,(0.00* 0.00* 0.00),0,0,(339.80* 0.00* 0.00)
45,3,42.91385,(321.40* 32.00* 0.00),-18.40005,32.00003,(0.00* 0.00* 0.00),0,0,(339.80* 0.00* 0.00)
45,3,42.94164,(320.40* 34.80* 0.00),-19.40005,34.80004,(0.00* 0.00* 0.00),0,0,(339.80* 0.00* 0.00)
45,3,42.96964,(318.60* 38.40* 0.00),-21.20004,38.40003,(0.00* 0.00* 0.00),0,0,(339.80* 0.00* 0.00)
45,3,42.99711,(317.40* 41.20* 0.00),-22.40005,41.20003,(0.00* 0.00* 0.00),0,0,(339.80* 0.00* 0.00)
45,3,43.0252,(317.00* 42.60* 0.00),-22.80005,42.60003,(0.00* 0.00* 0.00),0,0,(339.80* 0.00* 0.00)
45,3,43.05245,(316.60* 43.60* 0.00),-23.20004,43.60003,(0.00* 0.00* 0.00),0,0,(339.80* 0.00* 0.00)
90,1,44.80268,(341.60* 359.60* 0.00),1.799957,-0.3999634,(0.00* 0.00* 0.00),0,0,(339.80* 0.00* 0.00)
90,1,44.83065,(341.60* 359.60* 0.00),1.799957,-0.3999634,(0.00* 0.00* 0.00),0,0,(339.80* 0.00* 0.00)
90,1,44.85841,(341.60* 359.60* 0.00),1.799957,-0.3999634,(0.00* 0.00* 0.00),0,0,(339.80* 0.00* 0.00)
90,1,44.88626,(341.60* 359.60* 0.00),1.799957,-0.3999634,(0.00* 0.00* 0.00),0,0,(339.80* 0.00* 0.00)
90,1,44.91408,(341.60* 359.60* 0.00),1.799957,-0.3999634,(0.00* 0.00* 0.00),0,0,(339.80* 0.00* 0.00)
90,1,44.94161,(341.60* 359.60* 0.00),1.799957,-0.3999634,(0.00* 0.00* 0.00),0,0,(339.80* 0.00* 0.00)
90,1,44.96925,(341.60* 359.60* 0.00),1.799957,-0.3999634,(0.00* 0.00* 0.00),0,0,(339.80* 0.00* 0.00)
90,1,44.99721,(341.60* 359.60* 0.00),1.799957,-0.3999634,(0.00* 0.00* 0.00),0,0,(339.80* 0.00* 0.00)
90,1,45.0253,(341.60* 359.60* 0.00),1.799957,-0.3999634,(0.00* 0.00* 0.00),0,0,(339.80* 0.00* 0.00)
90,1,45.05225,(341.60* 359.60* 0.00),1.799957,-0.3999634,(0.00* 0.00* 0.00),0,0,(339.80* 0.00* 0.00)
90,1,45.08175,(341.60* 359.60* 0.00),1.799957,-0.3999634,(0.00* 0.00* 0.00),0,0,(339.80* 0.00* 0.00)
90,1,45.10839,(341.60* 359.60* 0.00),1.799957,-0.3999634,(0.00* 0.00* 0.00),0,0,(339.80* 0.00* 0.00)
90,1,45.13587,(339.20* 359.60* 0.00),-0.6000366,-0.3999634,(0.00* 0.00* 0.00),0,0,(339.80* 0.00* 0.00)
90,1,45.16394,(336.80* 359.40* 0.00),-3.000031,-0.5999756,(0.00* 0.00* 0.00),0,0,(339.80* 0.00* 0.00)
90,1,45.19111,(334.80* 359.40* 0.00),-5.000031,-0.5999756,(0.00* 0.00* 0.00),0,0,(339.80* 0.00* 0.00)
90,1,45.2197,(332.60* 359.60* 0.00),-7.200043,-0.3999634,(0.00* 0.00* 0.00),0,0,(339.80* 0.00* 0.00)
90,1,45.24687,(330.80* 359.80* 0.00),-9.000061,-0.1999817,(0.00* 0.00* 0.00),0,0,(339.80* 0.00* 0.00)
90,1,45.27467,(328.00* 0.20* 0.00),-11.80005,0.2000276,(0.00* 0.00* 0.00),0,0,(339.80* 0.00* 0.00)
90,1,45.30262,(324.80* 0.60* 0.00),-15.00003,0.6000276,(0.00* 0.00* 0.00),0,0,(339.80* 0.00* 0.00)
90,1,45.33055,(323.20* 0.80* 0.00),-16.60004,0.8000277,(0.00* 0.00* 0.00),0,0,(339.80* 0.00* 0.00)
90,1,45.359,(321.20* 1.20* 0.00),-18.60004,1.200028,(0.00* 0.00* 0.00),0,0,(339.80* 0.00* 0.00)
90,1,45.38658,(318.40* 1.20* 0.00),-21.40005,1.200028,(0.00* 0.00* 0.00),0,0,(339.80* 0.00* 0.00)
90,1,45.41354,(315.80* 1.20* 0.00),-24.00006,1.200028,(0.00* 0.00* 0.00),0,0,(339.80* 0.00* 0.00)
90,1,45.44144,(314.00* 1.20* 0.00),-25.80005,1.200028,(0.00* 0.00* 0.00),0,0,(339.80* 0.00* 0.00)
90,1,45.46944,(313.00* 1.00* 0.00),-26.80005,1.000028,(0.00* 0.00* 0.00),0,0,(339.80* 0.00* 0.00)
90,1,45.49735,(311.20* 0.80* 0.00),-28.60004,0.8000276,(0.00* 0.00* 0.00),0,0,(339.80* 0.00* 0.00)
90,1,45.5254,(309.00* 0.40* 0.00),-30.80005,0.4000277,(0.00* 0.00* 0.00),0,0,(339.80* 0.00* 0.00)
90,1,45.55354,(308.00* 0.20* 0.00),-31.80005,0.2000277,(0.00* 0.00* 0.00),0,0,(339.80* 0.00* 0.00)
90,1,45.57445,(307.60* 0.00* 0.00),-32.20004,2.767143E-05,(0.00* 0.00* 0.00),0,0,(339.80* 0.00* 0.00)
90,2,46.97672,(341.20* 1.20* 0.00),1.399946,1.200028,(0.00* 0.00* 0.00),0,0,(339.80* 0.00* 0.00)
90,2,47.0057,(341.20* 1.20* 0.00),1.399946,1.200028,(0.00* 0.00* 0.00),0,0,(339.80* 0.00* 0.00)
90,2,47.03048,(341.20* 1.20* 0.00),1.399946,1.200028,(0.00* 0.00* 0.00),0,0,(339.80* 0.00* 0.00)
90,2,47.057,(341.20* 1.20* 0.00),1.399946,1.200028,(0.00* 0.00* 0.00),0,0,(339.80* 0.00* 0.00)
90,2,47.09888,(341.20* 1.20* 0.00),1.399946,1.200028,(0.00* 0.00* 0.00),0,0,(339.80* 0.00* 0.00)
90,2,47.12682,(341.20* 1.20* 0.00),1.399946,1.200028,(0.00* 0.00* 0.00),0,0,(339.80* 0.00* 0.00)
90,2,47.16976,(341.20* 1.20* 0.00),1.399946,1.200028,(0.00* 0.00* 0.00),0,0,(339.80* 0.00* 0.00)
90,2,47.19931,(339.20* 1.20* 0.00),-0.6000671,1.200028,(0.00* 0.00* 0.00),0,0,(339.80* 0.00* 0.00)
90,2,47.22382,(336.00* 0.80* 0.00),-3.800049,0.8000274,(0.00* 0.00* 0.00),0,0,(339.80* 0.00* 0.00)
90,2,47.26542,(329.80* 0.40* 0.00),-10.00006,0.4000275,(0.00* 0.00* 0.00),0,0,(339.80* 0.00* 0.00)
90,2,47.30654,(327.20* 0.40* 0.00),-12.60007,0.4000276,(0.00* 0.00* 0.00),0,0,(339.80* 0.00* 0.00)
90,2,47.33394,(325.00* 0.40* 0.00),-14.80005,0.4000275,(0.00* 0.00* 0.00),0,0,(339.80* 0.00* 0.00)
90,2,47.36411,(323.20* 0.40* 0.00),-16.60007,0.4000275,(0.00* 0.00* 0.00),0,0,(339.80* 0.00* 0.00)
90,2,47.39131,(322.40* 0.40* 0.00),-17.40005,0.4000276,(0.00* 0.00* 0.00),0,0,(339.80* 0.00* 0.00)
90,2,47.41846,(321.60* 0.40* 0.00),-18.20004,0.4000275,(0.00* 0.00* 0.00),0,0,(339.80* 0.00* 0.00)
90,2,47.46062,(318.00* 0.80* 0.00),-21.80005,0.8000276,(0.00* 0.00* 0.00),0,0,(339.80* 0.00* 0.00)
90,2,47.48875,(315.80* 1.20* 0.00),-24.00006,1.200028,(0.00* 0.00* 0.00),0,0,(339.80* 0.00* 0.00)
90,2,47.51464,(315.00* 1.20* 0.00),-24.80005,1.200027,(0.00* 0.00* 0.00),0,0,(339.80* 0.00* 0.00)
90,2,47.54294,(313.60* 1.20* 0.00),-26.20004,1.200028,(0.00* 0.00* 0.00),0,0,(339.80* 0.00* 0.00)
90,2,47.56865,(311.00* 1.20* 0.00),-28.80005,1.200028,(0.00* 0.00* 0.00),0,0,(339.80* 0.00* 0.00)
90,2,47.59898,(309.20* 1.00* 0.00),-30.60004,1.000028,(0.00* 0.00* 0.00),0,0,(339.80* 0.00* 0.00)
90,2,47.6266,(308.60* 0.80* 0.00),-31.20004,0.8000276,(0.00* 0.00* 0.00),0,0,(339.80* 0.00* 0.00)
90,2,47.65392,(308.20* 0.80* 0.00),-31.60007,0.8000275,(0.00* 0.00* 0.00),0,0,(339.80* 0.00* 0.00)
90,3,49.15034,(340.40* 359.40* 0.00),0.5999485,-0.5999756,(0.00* 0.00* 0.00),0,0,(339.80* 0.00* 0.00)
90,3,49.17794,(340.40* 359.40* 0.00),0.5999485,-0.5999756,(0.00* 0.00* 0.00),0,0,(339.80* 0.00* 0.00)
90,3,49.20562,(340.40* 359.40* 0.00),0.5999485,-0.5999756,(0.00* 0.00* 0.00),0,0,(339.80* 0.00* 0.00)
90,3,49.23291,(340.40* 359.40* 0.00),0.5999485,-0.5999756,(0.00* 0.00* 0.00),0,0,(339.80* 0.00* 0.00)
90,3,49.26105,(340.40* 359.40* 0.00),0.5999485,-0.5999756,(0.00* 0.00* 0.00),0,0,(339.80* 0.00* 0.00)
90,3,49.28868,(340.40* 359.40* 0.00),0.5999485,-0.5999756,(0.00* 0.00* 0.00),0,0,(339.80* 0.00* 0.00)
90,3,49.31664,(340.40* 359.40* 0.00),0.5999485,-0.5999756,(0.00* 0.00* 0.00),0,0,(339.80* 0.00* 0.00)
90,3,49.34481,(340.40* 359.40* 0.00),0.5999485,-0.5999756,(0.00* 0.00* 0.00),0,0,(339.80* 0.00* 0.00)
90,3,49.37349,(340.40* 359.40* 0.00),0.5999485,-0.5999756,(0.00* 0.00* 0.00),0,0,(339.80* 0.00* 0.00)
90,3,49.40023,(340.40* 359.40* 0.00),0.5999485,-0.5999756,(0.00* 0.00* 0.00),0,0,(339.80* 0.00* 0.00)
90,3,49.42801,(340.40* 359.40* 0.00),0.5999485,-0.5999756,(0.00* 0.00* 0.00),0,0,(339.80* 0.00* 0.00)
90,3,49.45645,(340.40* 359.40* 0.00),0.5999485,-0.5999756,(0.00* 0.00* 0.00),0,0,(339.80* 0.00* 0.00)
90,3,49.4844,(340.20* 359.40* 0.00),0.3999484,-0.5999756,(0.00* 0.00* 0.00),0,0,(339.80* 0.00* 0.00)
90,3,49.51136,(336.20* 359.20* 0.00),-3.600037,-0.7999878,(0.00* 0.00* 0.00),0,0,(339.80* 0.00* 0.00)
90,3,49.54029,(332.40* 359.20* 0.00),-7.400055,-0.7999573,(0.00* 0.00* 0.00),0,0,(339.80* 0.00* 0.00)
90,3,49.56699,(330.40* 359.20* 0.00),-9.400055,-0.7999573,(0.00* 0.00* 0.00),0,0,(339.80* 0.00* 0.00)
90,3,49.59619,(329.20* 359.40* 0.00),-10.60007,-0.5999756,(0.00* 0.00* 0.00),0,0,(339.80* 0.00* 0.00)
90,3,49.62288,(327.20* 359.60* 0.00),-12.60007,-0.3999634,(0.00* 0.00* 0.00),0,0,(339.80* 0.00* 0.00)
90,3,49.65182,(324.40* 359.60* 0.00),-15.40005,-0.3999634,(0.00* 0.00* 0.00),0,0,(339.80* 0.00* 0.00)
90,3,49.67872,(322.40* 359.60* 0.00),-17.40005,-0.3999634,(0.00* 0.00* 0.00),0,0,(339.80* 0.00* 0.00)
90,3,49.70797,(320.80* 359.80* 0.00),-19.00006,-0.1999817,(0.00* 0.00* 0.00),0,0,(339.80* 0.00* 0.00)
90,3,49.73417,(319.60* 0.00* 0.00),-20.20007,2.749507E-05,(0.00* 0.00* 0.00),0,0,(339.80* 0.00* 0.00)
90,3,49.76122,(318.20* 0.20* 0.00),-21.60007,0.2000275,(0.00* 0.00* 0.00),0,0,(339.80* 0.00* 0.00)
90,3,49.7893,(316.40* 0.40* 0.00),-23.40005,0.4000276,(0.00* 0.00* 0.00),0,0,(339.80* 0.00* 0.00)
90,3,49.8173,(314.60* 0.40* 0.00),-25.20004,0.4000275,(0.00* 0.00* 0.00),0,0,(339.80* 0.00* 0.00)
90,3,49.84562,(313.20* 0.20* 0.00),-26.60007,0.2000275,(0.00* 0.00* 0.00),0,0,(339.80* 0.00* 0.00)
90,3,49.87302,(311.40* 0.20* 0.00),-28.40005,0.2000275,(0.00* 0.00* 0.00),0,0,(339.80* 0.00* 0.00)
90,3,49.9002,(309.40* 0.20* 0.00),-30.40005,0.2000276,(0.00* 0.00* 0.00),0,0,(339.80* 0.00* 0.00)
90,3,49.92774,(309.00* 0.20* 0.00),-30.80005,0.2000276,(0.00* 0.00* 0.00),0,0,(339.80* 0.00* 0.00)
90,3,49.95652,(309.00* 0.20* 0.00),-30.80005,0.2000276,(0.00* 0.00* 0.00),0,0,(339.80* 0.00* 0.00)
90,3,49.9838,(309.00* 0.20* 0.00),-30.80005,0.2000276,(0.00* 0.00* 0.00),0,0,(339.80* 0.00* 0.00)
90,3,50.01173,(309.00* 0.20* 0.00),-30.80005,0.2000276,(0.00* 0.00* 0.00),0,0,(339.80* 0.00* 0.00)
90,3,50.03864,(309.00* 0.20* 0.00),-30.80005,0.2000276,(0.00* 0.00* 0.00),0,0,(339.80* 0.00* 0.00)
90,3,50.06789,(308.20* 0.20* 0.00),-31.60007,0.2000276,(0.00* 0.00* 0.00),0,0,(339.80* 0.00* 0.00)
90,3,50.09573,(307.40* 0.20* 0.00),-32.40005,0.2000276,(0.00* 0.00* 0.00),0,0,(339.80* 0.00* 0.00)
135,1,52.24736,(341.00* 0.20* 0.00),1.199936,0.2000275,(0.00* 0.00* 0.00),0,0,(339.80* 0.00* 0.00)
135,1,52.27509,(341.00* 0.20* 0.00),1.199936,0.2000275,(0.00* 0.00* 0.00),0,0,(339.80* 0.00* 0.00)
135,1,52.30274,(341.00* 0.20* 0.00),1.199936,0.2000275,(0.00* 0.00* 0.00),0,0,(339.80* 0.00* 0.00)
135,1,52.33117,(341.00* 0.20* 0.00),1.199936,0.2000275,(0.00* 0.00* 0.00),0,0,(339.80* 0.00* 0.00)
135,1,52.35826,(341.00* 0.20* 0.00),1.199936,0.2000275,(0.00* 0.00* 0.00),0,0,(339.80* 0.00* 0.00)
135,1,52.38628,(341.00* 0.20* 0.00),1.199936,0.2000275,(0.00* 0.00* 0.00),0,0,(339.80* 0.00* 0.00)
135,1,52.41368,(341.00* 0.20* 0.00),1.199936,0.2000275,(0.00* 0.00* 0.00),0,0,(339.80* 0.00* 0.00)
135,1,52.44172,(341.00* 0.20* 0.00),1.199936,0.2000275,(0.00* 0.00* 0.00),0,0,(339.80* 0.00* 0.00)
135,1,52.47005,(341.00* 0.20* 0.00),1.199936,0.2000275,(0.00* 0.00* 0.00),0,0,(339.80* 0.00* 0.00)
135,1,52.4973,(341.00* 0.20* 0.00),1.199936,0.2000275,(0.00* 0.00* 0.00),0,0,(339.80* 0.00* 0.00)
135,1,52.52515,(341.00* 0.20* 0.00),1.199936,0.2000275,(0.00* 0.00* 0.00),0,0,(339.80* 0.00* 0.00)
135,1,52.55343,(341.00* 0.20* 0.00),1.199936,0.2000275,(0.00* 0.00* 0.00),0,0,(339.80* 0.00* 0.00)
135,1,52.58076,(341.00* 0.20* 0.00),1.199936,0.2000275,(0.00* 0.00* 0.00),0,0,(339.80* 0.00* 0.00)
135,1,52.60835,(340.20* 359.40* 0.00),0.3999378,-0.5999756,(0.00* 0.00* 0.00),0,0,(339.80* 0.00* 0.00)
135,1,52.63683,(338.60* 356.20* 0.00),-1.200073,-3.799957,(0.00* 0.00* 0.00),0,0,(339.80* 0.00* 0.00)
135,1,52.66482,(336.40* 352.80* 0.00),-3.400055,-7.199982,(0.00* 0.00* 0.00),0,0,(339.80* 0.00* 0.00)
135,1,52.69159,(334.60* 350.20* 0.00),-5.200073,-9.799957,(0.00* 0.00* 0.00),0,0,(339.80* 0.00* 0.00)
135,1,52.72003,(333.00* 348.20* 0.00),-6.800049,-11.79996,(0.00* 0.00* 0.00),0,0,(339.80* 0.00* 0.00)
135,1,52.74707,(331.40* 346.40* 0.00),-8.400055,-13.59998,(0.00* 0.00* 0.00),0,0,(339.80* 0.00* 0.00)
135,1,52.77538,(329.60* 344.40* 0.00),-10.20007,-15.59998,(0.00* 0.00* 0.00),0,0,(339.80* 0.00* 0.00)
135,1,52.80356,(328.00* 342.80* 0.00),-11.80005,-17.19998,(0.00* 0.00* 0.00),0,0,(339.80* 0.00* 0.00)
135,1,52.82999,(327.20* 341.00* 0.00),-12.60007,-18.99997,(0.00* 0.00* 0.00),0,0,(339.80* 0.00* 0.00)
135,1,52.85846,(326.60* 338.80* 0.00),-13.20007,-21.19998,(0.00* 0.00* 0.00),0,0,(339.80* 0.00* 0.00)
135,1,52.88697,(325.60* 337.00* 0.00),-14.20007,-22.99997,(0.00* 0.00* 0.00),0,0,(339.80* 0.00* 0.00)
135,1,52.91478,(324.00* 335.00* 0.00),-15.80008,-24.99997,(0.00* 0.00* 0.00),0,0,(339.80* 0.00* 0.00)
135,1,52.94225,(323.20* 333.40* 0.00),-16.60007,-26.59998,(0.00* 0.00* 0.00),0,0,(339.80* 0.00* 0.00)
135,1,52.96886,(322.60* 332.40* 0.00),-17.20007,-27.59998,(0.00* 0.00* 0.00),0,0,(339.80* 0.00* 0.00)
135,1,52.99707,(321.60* 331.00* 0.00),-18.20007,-28.99997,(0.00* 0.00* 0.00),0,0,(339.80* 0.00* 0.00)
135,1,53.02536,(320.40* 329.40* 0.00),-19.40005,-30.59998,(0.00* 0.00* 0.00),0,0,(339.80* 0.00* 0.00)
135,1,53.05283,(319.40* 328.00* 0.00),-20.40009,-31.99997,(0.00* 0.00* 0.00),0,0,(339.80* 0.00* 0.00)
135,1,53.08168,(318.60* 326.80* 0.00),-21.20007,-33.19998,(0.00* 0.00* 0.00),0,0,(339.80* 0.00* 0.00)
135,1,53.10835,(318.00* 325.80* 0.00),-21.80008,-34.19998,(0.00* 0.00* 0.00),0,0,(339.80* 0.00* 0.00)
135,1,53.13606,(317.60* 325.00* 0.00),-22.20007,-34.99997,(0.00* 0.00* 0.00),0,0,(339.80* 0.00* 0.00)
135,1,53.16378,(317.60* 324.80* 0.00),-22.20007,-35.19998,(0.00* 0.00* 0.00),0,0,(339.80* 0.00* 0.00)
135,1,53.19128,(317.40* 323.80* 0.00),-22.40009,-36.19998,(0.00* 0.00* 0.00),0,0,(339.80* 0.00* 0.00)
135,1,53.21966,(316.80* 322.40* 0.00),-23.00006,-37.59998,(0.00* 0.00* 0.00),0,0,(339.80* 0.00* 0.00)
135,1,53.24749,(316.20* 320.60* 0.00),-23.60007,-39.39996,(0.00* 0.00* 0.00),0,0,(339.80* 0.00* 0.00)
135,1,53.27481,(316.00* 319.20* 0.00),-23.80008,-40.79996,(0.00* 0.00* 0.00),0,0,(339.80* 0.00* 0.00)
135,1,53.30246,(315.60* 318.20* 0.00),-24.20007,-41.79999,(0.00* 0.00* 0.00),0,0,(339.80* 0.00* 0.00)
135,2,54.79698,(339.20* 2.20* 0.00),-0.6000671,2.200026,(0.00* 0.00* 0.00),0,0,(339.80* 0.00* 0.00)
135,2,54.83136,(339.20* 2.20* 0.00),-0.6000671,2.200026,(0.00* 0.00* 0.00),0,0,(339.80* 0.00* 0.00)
135,2,54.85875,(339.20* 2.20* 0.00),-0.6000671,2.200026,(0.00* 0.00* 0.00),0,0,(339.80* 0.00* 0.00)
135,2,54.88639,(339.20* 2.20* 0.00),-0.6000671,2.200026,(0.00* 0.00* 0.00),0,0,(339.80* 0.00* 0.00)
135,2,54.91364,(339.20* 2.20* 0.00),-0.6000671,2.200026,(0.00* 0.00* 0.00),0,0,(339.80* 0.00* 0.00)
135,2,54.94216,(339.20* 2.20* 0.00),-0.6000671,2.200026,(0.00* 0.00* 0.00),0,0,(339.80* 0.00* 0.00)
135,2,54.96897,(339.20* 2.20* 0.00),-0.6000671,2.200026,(0.00* 0.00* 0.00),0,0,(339.80* 0.00* 0.00)
135,2,54.99739,(339.20* 2.20* 0.00),-0.6000671,2.200026,(0.00* 0.00* 0.00),0,0,(339.80* 0.00* 0.00)
135,2,55.02509,(339.20* 2.20* 0.00),-0.6000671,2.200026,(0.00* 0.00* 0.00),0,0,(339.80* 0.00* 0.00)
135,2,55.05426,(339.20* 2.20* 0.00),-0.6000671,2.200026,(0.00* 0.00* 0.00),0,0,(339.80* 0.00* 0.00)
135,2,55.08326,(339.20* 2.20* 0.00),-0.6000671,2.200026,(0.00* 0.00* 0.00),0,0,(339.80* 0.00* 0.00)
135,2,55.10913,(339.20* 2.20* 0.00),-0.6000671,2.200026,(0.00* 0.00* 0.00),0,0,(339.80* 0.00* 0.00)
135,2,55.13615,(338.80* 2.00* 0.00),-1.000092,2.000026,(0.00* 0.00* 0.00),0,0,(339.80* 0.00* 0.00)
135,2,55.16448,(337.20* 358.80* 0.00),-2.600067,-1.199982,(0.00* 0.00* 0.00),0,0,(339.80* 0.00* 0.00)
135,2,55.19131,(335.40* 355.80* 0.00),-4.400085,-4.199982,(0.00* 0.00* 0.00),0,0,(339.80* 0.00* 0.00)
135,2,55.21945,(333.80* 352.40* 0.00),-6.000092,-7.599976,(0.00* 0.00* 0.00),0,0,(339.80* 0.00* 0.00)
135,2,55.24812,(332.40* 349.60* 0.00),-7.400085,-10.39996,(0.00* 0.00* 0.00),0,0,(339.80* 0.00* 0.00)
135,2,55.2753,(331.60* 347.80* 0.00),-8.200073,-12.19998,(0.00* 0.00* 0.00),0,0,(339.80* 0.00* 0.00)
135,2,55.30288,(331.00* 346.60* 0.00),-8.800079,-13.39996,(0.00* 0.00* 0.00),0,0,(339.80* 0.00* 0.00)
135,2,55.33078,(330.60* 344.80* 0.00),-9.200073,-15.19998,(0.00* 0.00* 0.00),0,0,(339.80* 0.00* 0.00)
135,2,55.35867,(330.20* 343.20* 0.00),-9.600098,-16.79999,(0.00* 0.00* 0.00),0,0,(339.80* 0.00* 0.00)
135,2,55.38656,(329.60* 341.40* 0.00),-10.20007,-18.59998,(0.00* 0.00* 0.00),0,0,(339.80* 0.00* 0.00)
135,2,55.41389,(328.80* 339.00* 0.00),-11.00009,-20.99997,(0.00* 0.00* 0.00),0,0,(339.80* 0.00* 0.00)
135,2,55.44156,(327.20* 336.20* 0.00),-12.6001,-23.79999,(0.00* 0.00* 0.00),0,0,(339.80* 0.00* 0.00)
135,2,55.4697,(325.60* 333.80* 0.00),-14.20007,-26.19998,(0.00* 0.00* 0.00),0,0,(339.80* 0.00* 0.00)
135,2,55.49778,(324.40* 332.20* 0.00),-15.40009,-27.79999,(0.00* 0.00* 0.00),0,0,(339.80* 0.00* 0.00)
135,2,55.52628,(323.00* 331.00* 0.00),-16.80008,-28.99997,(0.00* 0.00* 0.00),0,0,(339.80* 0.00* 0.00)
135,2,55.55225,(322.00* 329.60* 0.00),-17.80008,-30.39996,(0.00* 0.00* 0.00),0,0,(339.80* 0.00* 0.00)
135,2,55.58098,(321.20* 328.80* 0.00),-18.6001,-31.19998,(0.00* 0.00* 0.00),0,0,(339.80* 0.00* 0.00)
135,2,55.60833,(320.40* 328.00* 0.00),-19.40009,-31.99997,(0.00* 0.00* 0.00),0,0,(339.80* 0.00* 0.00)
135,2,55.63623,(319.40* 326.60* 0.00),-20.40009,-33.39996,(0.00* 0.00* 0.00),0,0,(339.80* 0.00* 0.00)
135,2,55.66393,(318.60* 325.60* 0.00),-21.20007,-34.39996,(0.00* 0.00* 0.00),0,0,(339.80* 0.00* 0.00)
135,2,55.69153,(318.20* 324.60* 0.00),-21.6001,-35.39996,(0.00* 0.00* 0.00),0,0,(339.80* 0.00* 0.00)
135,2,55.71968,(318.00* 324.00* 0.00),-21.80008,-35.99997,(0.00* 0.00* 0.00),0,0,(339.80* 0.00* 0.00)
135,2,55.74741,(317.80* 323.20* 0.00),-22.00009,-36.79999,(0.00* 0.00* 0.00),0,0,(339.80* 0.00* 0.00)
135,2,55.77492,(317.60* 322.00* 0.00),-22.2001,-37.99997,(0.00* 0.00* 0.00),0,0,(339.80* 0.00* 0.00)
135,2,55.80309,(317.20* 320.60* 0.00),-22.6001,-39.39996,(0.00* 0.00* 0.00),0,0,(339.80* 0.00* 0.00)
135,2,55.83033,(316.80* 319.60* 0.00),-23.00009,-40.39996,(0.00* 0.00* 0.00),0,0,(339.80* 0.00* 0.00)
135,2,55.8585,(316.40* 318.60* 0.00),-23.40009,-41.39996,(0.00* 0.00* 0.00),0,0,(339.80* 0.00* 0.00)
135,2,55.88611,(316.00* 317.60* 0.00),-23.80011,-42.39996,(0.00* 0.00* 0.00),0,0,(339.80* 0.00* 0.00)
135,3,57.42762,(339.60* 358.80* 0.00),-0.2001038,-1.199982,(0.00* 0.00* 0.00),0,0,(339.80* 0.00* 0.00)
135,3,57.45589,(339.60* 358.80* 0.00),-0.2001038,-1.199982,(0.00* 0.00* 0.00),0,0,(339.80* 0.00* 0.00)
135,3,57.48378,(339.60* 358.80* 0.00),-0.2001038,-1.199982,(0.00* 0.00* 0.00),0,0,(339.80* 0.00* 0.00)
135,3,57.51085,(339.60* 358.80* 0.00),-0.2001038,-1.199982,(0.00* 0.00* 0.00),0,0,(339.80* 0.00* 0.00)
135,3,57.53896,(339.60* 358.80* 0.00),-0.2001038,-1.199982,(0.00* 0.00* 0.00),0,0,(339.80* 0.00* 0.00)
135,3,57.56668,(339.60* 358.80* 0.00),-0.2001038,-1.199982,(0.00* 0.00* 0.00),0,0,(339.80* 0.00* 0.00)
135,3,57.59468,(339.60* 358.80* 0.00),-0.2001038,-1.199982,(0.00* 0.00* 0.00),0,0,(339.80* 0.00* 0.00)
135,3,57.62191,(339.60* 358.80* 0.00),-0.2001038,-1.199982,(0.00* 0.00* 0.00),0,0,(339.80* 0.00* 0.00)
135,3,57.6497,(339.60* 358.80* 0.00),-0.2001038,-1.199982,(0.00* 0.00* 0.00),0,0,(339.80* 0.00* 0.00)
135,3,57.6791,(339.60* 358.80* 0.00),-0.2001038,-1.199982,(0.00* 0.00* 0.00),0,0,(339.80* 0.00* 0.00)
135,3,57.70583,(339.60* 358.80* 0.00),-0.2001038,-1.199982,(0.00* 0.00* 0.00),0,0,(339.80* 0.00* 0.00)
135,3,57.73325,(339.60* 358.80* 0.00),-0.2001038,-1.199982,(0.00* 0.00* 0.00),0,0,(339.80* 0.00* 0.00)
135,3,57.76146,(339.60* 358.80* 0.00),-0.2001038,-1.199982,(0.00* 0.00* 0.00),0,0,(339.80* 0.00* 0.00)
135,3,57.78878,(339.40* 358.80* 0.00),-0.400116,-1.199982,(0.00* 0.00* 0.00),0,0,(339.80* 0.00* 0.00)
135,3,57.81668,(338.80* 358.00* 0.00),-1.000092,-1.999969,(0.00* 0.00* 0.00),0,0,(339.80* 0.00* 0.00)
135,3,57.84431,(337.00* 353.60* 0.00),-2.80011,-6.399963,(0.00* 0.00* 0.00),0,0,(339.80* 0.00* 0.00)
135,3,57.87202,(335.80* 349.40* 0.00),-4.000092,-10.59998,(0.00* 0.00* 0.00),0,0,(339.80* 0.00* 0.00)
135,3,57.89997,(334.60* 346.80* 0.00),-5.200104,-13.19998,(0.00* 0.00* 0.00),0,0,(339.80* 0.00* 0.00)
135,3,57.92822,(333.20* 344.20* 0.00),-6.600098,-15.79999,(0.00* 0.00* 0.00),0,0,(339.80* 0.00* 0.00)
135,3,57.95568,(331.40* 341.00* 0.00),-8.400116,-18.99997,(0.00* 0.00* 0.00),0,0,(339.80* 0.00* 0.00)
135,3,57.98333,(330.00* 337.40* 0.00),-9.80011,-22.59998,(0.00* 0.00* 0.00),0,0,(339.80* 0.00* 0.00)
135,3,58.01147,(329.00* 334.80* 0.00),-10.80011,-25.19998,(0.00* 0.00* 0.00),0,0,(339.80* 0.00* 0.00)
135,3,58.04132,(328.40* 333.40* 0.00),-11.40012,-26.59998,(0.00* 0.00* 0.00),0,0,(339.80* 0.00* 0.00)
135,3,58.06792,(327.80* 332.20* 0.00),-12.00009,-27.79999,(0.00* 0.00* 0.00),0,0,(339.80* 0.00* 0.00)
135,3,58.09721,(326.20* 329.80* 0.00),-13.6001,-30.19998,(0.00* 0.00* 0.00),0,0,(339.80* 0.00* 0.00)
135,3,58.12856,(324.40* 327.20* 0.00),-15.40009,-32.79999,(0.00* 0.00* 0.00),0,0,(339.80* 0.00* 0.00)
135,3,58.15367,(323.00* 325.40* 0.00),-16.80011,-34.59998,(0.00* 0.00* 0.00),0,0,(339.80* 0.00* 0.00)
135,3,58.17856,(321.80* 324.20* 0.00),-18.00009,-35.79999,(0.00* 0.00* 0.00),0,0,(339.80* 0.00* 0.00)
135,3,58.20792,(320.00* 322.60* 0.00),-19.80011,-37.39996,(0.00* 0.00* 0.00),0,0,(339.80* 0.00* 0.00)
135,3,58.23451,(318.80* 321.40* 0.00),-21.00009,-38.59998,(0.00* 0.00* 0.00),0,0,(339.80* 0.00* 0.00)
135,3,58.2657,(318.00* 320.40* 0.00),-21.80011,-39.59998,(0.00* 0.00* 0.00),0,0,(339.80* 0.00* 0.00)
135,3,58.30763,(316.40* 318.40* 0.00),-23.40009,-41.59998,(0.00* 0.00* 0.00),0,0,(339.80* 0.00* 0.00)
135,3,58.33488,(315.40* 317.00* 0.00),-24.40009,-42.99997,(0.00* 0.00* 0.00),0,0,(339.80* 0.00* 0.00)
180,1,60.69216,(339.60* 359.60* 0.00),-0.2001038,-0.3999634,(0.00* 0.00* 0.00),0,0,(339.80* 0.00* 0.00)
180,1,60.71982,(339.60* 359.60* 0.00),-0.2001038,-0.3999634,(0.00* 0.00* 0.00),0,0,(339.80* 0.00* 0.00)
180,1,60.74737,(339.60* 359.60* 0.00),-0.2001038,-0.3999634,(0.00* 0.00* 0.00),0,0,(339.80* 0.00* 0.00)
180,1,60.77495,(339.60* 359.60* 0.00),-0.2001038,-0.3999634,(0.00* 0.00* 0.00),0,0,(339.80* 0.00* 0.00)
180,1,60.80339,(339.60* 359.60* 0.00),-0.2001038,-0.3999634,(0.00* 0.00* 0.00),0,0,(339.80* 0.00* 0.00)
180,1,60.83049,(339.60* 359.60* 0.00),-0.2001038,-0.3999634,(0.00* 0.00* 0.00),0,0,(339.80* 0.00* 0.00)
180,1,60.85931,(339.60* 359.60* 0.00),-0.2001038,-0.3999634,(0.00* 0.00* 0.00),0,0,(339.80* 0.00* 0.00)
180,1,60.88634,(339.60* 359.60* 0.00),-0.2001038,-0.3999634,(0.00* 0.00* 0.00),0,0,(339.80* 0.00* 0.00)
180,1,60.91502,(339.60* 359.60* 0.00),-0.2001038,-0.3999634,(0.00* 0.00* 0.00),0,0,(339.80* 0.00* 0.00)
180,1,60.9427,(339.20* 357.00* 0.00),-0.6000977,-2.999969,(0.00* 0.00* 0.00),0,0,(339.80* 0.00* 0.00)
180,1,60.96997,(339.00* 353.40* 0.00),-0.8001099,-6.599976,(0.00* 0.00* 0.00),0,0,(339.80* 0.00* 0.00)
180,1,60.99768,(338.80* 349.60* 0.00),-1.000092,-10.39996,(0.00* 0.00* 0.00),0,0,(339.80* 0.00* 0.00)
180,1,61.02516,(338.80* 346.80* 0.00),-1.000092,-13.19998,(0.00* 0.00* 0.00),0,0,(339.80* 0.00* 0.00)
180,1,61.05273,(339.00* 344.60* 0.00),-0.8001099,-15.39996,(0.00* 0.00* 0.00),0,0,(339.80* 0.00* 0.00)
180,1,61.08133,(339.40* 342.60* 0.00),-0.4000854,-17.39996,(0.00* 0.00* 0.00),0,0,(339.80* 0.00* 0.00)
180,1,61.10881,(339.60* 339.80* 0.00),-0.2001038,-20.19998,(0.00* 0.00* 0.00),0,0,(339.80* 0.00* 0.00)
180,1,61.13652,(340.00* 336.80* 0.00),0.1999034,-23.19998,(0.00* 0.00* 0.00),0,0,(339.80* 0.00* 0.00)
180,1,61.1637,(340.20* 334.60* 0.00),0.3999028,-25.39996,(0.00* 0.00* 0.00),0,0,(339.80* 0.00* 0.00)
180,1,61.19121,(340.60* 332.80* 0.00),0.7999039,-27.19998,(0.00* 0.00* 0.00),0,0,(339.80* 0.00* 0.00)
180,1,61.22009,(340.80* 331.40* 0.00),0.9999084,-28.59998,(0.00* 0.00* 0.00),0,0,(339.80* 0.00* 0.00)
180,1,61.24656,(341.60* 329.40* 0.00),1.799904,-30.59998,(0.00* 0.00* 0.00),0,0,(339.80* 0.00* 0.00)
180,1,61.2755,(342.20* 327.00* 0.00),2.399906,-32.99997,(0.00* 0.00* 0.00),0,0,(339.80* 0.00* 0.00)
180,1,61.30273,(342.80* 325.00* 0.00),2.999904,-34.99997,(0.00* 0.00* 0.00),0,0,(339.80* 0.00* 0.00)
180,1,61.33128,(343.20* 323.60* 0.00),3.399907,-36.39996,(0.00* 0.00* 0.00),0,0,(339.80* 0.00* 0.00)
180,1,61.35842,(343.40* 322.60* 0.00),3.599909,-37.39996,(0.00* 0.00* 0.00),0,0,(339.80* 0.00* 0.00)
180,1,61.38604,(343.60* 321.20* 0.00),3.799909,-38.79996,(0.00* 0.00* 0.00),0,0,(339.80* 0.00* 0.00)
180,1,61.41367,(344.20* 319.20* 0.00),4.399907,-40.79996,(0.00* 0.00* 0.00),0,0,(339.80* 0.00* 0.00)
180,1,61.44267,(344.60* 317.20* 0.00),4.799907,-42.79996,(0.00* 0.00* 0.00),0,0,(339.80* 0.00* 0.00)
180,1,61.46886,(344.80* 316.00* 0.00),4.999907,-43.99997,(0.00* 0.00* 0.00),0,0,(339.80* 0.00* 0.00)
180,1,61.49846,(345.40* 314.20* 0.00),5.599909,-45.79996,(0.00* 0.00* 0.00),0,0,(339.80* 0.00* 0.00)
180,1,61.52526,(345.80* 311.20* 0.00),5.999909,-48.79996,(0.00* 0.00* 0.00),0,0,(339.80* 0.00* 0.00)
180,1,61.55241,(346.40* 308.60* 0.00),6.599906,-51.39996,(0.00* 0.00* 0.00),0,0,(339.80* 0.00* 0.00)
180,1,61.58031,(346.60* 307.80* 0.00),6.799906,-52.19995,(0.00* 0.00* 0.00),0,0,(339.80* 0.00* 0.00)
180,1,61.60812,(346.60* 307.60* 0.00),6.799906,-52.39996,(0.00* 0.00* 0.00),0,0,(339.80* 0.00* 0.00)
180,1,61.6365,(346.60* 307.00* 0.00),6.799905,-52.99997,(0.00* 0.00* 0.00),0,0,(339.80* 0.00* 0.00)
180,1,61.664,(346.80* 306.60* 0.00),6.999906,-53.39996,(0.00* 0.00* 0.00),0,0,(339.80* 0.00* 0.00)
180,1,61.69127,(346.80* 306.20* 0.00),6.999906,-53.79996,(0.00* 0.00* 0.00),0,0,(339.80* 0.00* 0.00)
180,1,61.71967,(347.20* 305.60* 0.00),7.399906,-54.39996,(0.00* 0.00* 0.00),0,0,(339.80* 0.00* 0.00)
180,2,63.42745,(339.80* 359.80* 0.00),-9.790275E-05,-0.1999817,(0.00* 0.00* 0.00),0,0,(339.80* 0.00* 0.00)
180,2,63.45545,(339.80* 359.80* 0.00),-9.790275E-05,-0.1999817,(0.00* 0.00* 0.00),0,0,(339.80* 0.00* 0.00)
180,2,63.48323,(339.80* 359.80* 0.00),-9.790275E-05,-0.1999817,(0.00* 0.00* 0.00),0,0,(339.80* 0.00* 0.00)
180,2,63.5112,(339.80* 359.80* 0.00),-9.790275E-05,-0.1999817,(0.00* 0.00* 0.00),0,0,(339.80* 0.00* 0.00)
180,2,63.53887,(339.80* 359.80* 0.00),-9.790275E-05,-0.1999817,(0.00* 0.00* 0.00),0,0,(339.80* 0.00* 0.00)
180,2,63.56646,(339.80* 359.80* 0.00),-9.790275E-05,-0.1999817,(0.00* 0.00* 0.00),0,0,(339.80* 0.00* 0.00)
180,2,63.59436,(339.80* 359.80* 0.00),-9.790275E-05,-0.1999817,(0.00* 0.00* 0.00),0,0,(339.80* 0.00* 0.00)
180,2,63.62207,(339.80* 359.80* 0.00),-9.790275E-05,-0.1999817,(0.00* 0.00* 0.00),0,0,(339.80* 0.00* 0.00)
180,2,63.6502,(339.80* 359.80* 0.00),-9.790275E-05,-0.1999817,(0.00* 0.00* 0.00),0,0,(339.80* 0.00* 0.00)
180,2,63.679,(339.80* 359.80* 0.00),-9.790275E-05,-0.1999817,(0.00* 0.00* 0.00),0,0,(339.80* 0.00* 0.00)
180,2,63.70564,(339.80* 359.00* 0.00),-9.802019E-05,-0.9999695,(0.00* 0.00* 0.00),0,0,(339.80* 0.00* 0.00)
180,2,63.73315,(339.80* 355.00* 0.00),-9.721002E-05,-4.999969,(0.00* 0.00* 0.00),0,0,(339.80* 0.00* 0.00)
180,2,63.76113,(339.80* 351.00* 0.00),-9.770058E-05,-8.999969,(0.00* 0.00* 0.00),0,0,(339.80* 0.00* 0.00)
180,2,63.78903,(340.20* 348.40* 0.00),0.3999029,-11.59998,(0.00* 0.00* 0.00),0,0,(339.80* 0.00* 0.00)
180,2,63.81627,(340.40* 346.80* 0.00),0.5999044,-13.19998,(0.00* 0.00* 0.00),0,0,(339.80* 0.00* 0.00)
180,2,63.84482,(340.80* 345.20* 0.00),0.9999074,-14.79999,(0.00* 0.00* 0.00),0,0,(339.80* 0.00* 0.00)
180,2,63.8723,(341.40* 343.40* 0.00),1.599908,-16.59998,(0.00* 0.00* 0.00),0,0,(339.80* 0.00* 0.00)
180,2,63.90031,(342.20* 340.80* 0.00),2.399906,-19.19998,(0.00* 0.00* 0.00),0,0,(339.80* 0.00* 0.00)
180,2,63.92227,(342.60* 339.00* 0.00),2.799903,-20.99997,(0.00* 0.00* 0.00),0,0,(339.80* 0.00* 0.00)
180,2,63.94285,(343.00* 337.00* 0.00),3.199905,-22.99997,(0.00* 0.00* 0.00),0,0,(339.80* 0.00* 0.00)
180,2,63.96935,(343.60* 335.60* 0.00),3.799906,-24.39999,(0.00* 0.00* 0.00),0,0,(339.80* 0.00* 0.00)
180,2,63.99845,(344.40* 333.80* 0.00),4.599906,-26.19998,(0.00* 0.00* 0.00),0,0,(339.80* 0.00* 0.00)
180,2,64.02631,(345.20* 331.80* 0.00),5.399904,-28.19998,(0.00* 0.00* 0.00),0,0,(339.80* 0.00* 0.00)
180,2,64.05254,(345.80* 328.40* 0.00),5.999903,-31.59998,(0.00* 0.00* 0.00),0,0,(339.80* 0.00* 0.00)
180,2,64.08093,(346.40* 325.00* 0.00),6.599904,-35,(0.00* 0.00* 0.00),0,0,(339.80* 0.00* 0.00)
180,2,64.10881,(346.80* 323.00* 0.00),6.999903,-36.99997,(0.00* 0.00* 0.00),0,0,(339.80* 0.00* 0.00)
180,2,64.13676,(347.00* 321.60* 0.00),7.199902,-38.39996,(0.00* 0.00* 0.00),0,0,(339.80* 0.00* 0.00)
180,2,64.16432,(347.40* 320.20* 0.00),7.599902,-39.79999,(0.00* 0.00* 0.00),0,0,(339.80* 0.00* 0.00)
180,2,64.19148,(347.60* 318.60* 0.00),7.799901,-41.39996,(0.00* 0.00* 0.00),0,0,(339.80* 0.00* 0.00)
180,2,64.22025,(348.00* 317.00* 0.00),8.1999,-42.99997,(0.00* 0.00* 0.00),0,0,(339.80* 0.00* 0.00)
180,2,64.24678,(348.20* 315.00* 0.00),8.399899,-44.99997,(0.00* 0.00* 0.00),0,0,(339.80* 0.00* 0.00)
180,2,64.27566,(348.60* 313.00* 0.00),8.799901,-46.99997,(0.00* 0.00* 0.00),0,0,(339.80* 0.00* 0.00)
180,2,64.30281,(348.60* 311.80* 0.00),8.799902,-48.19998,(0.00* 0.00* 0.00),0,0,(339.80* 0.00* 0.00)
180,2,64.33047,(348.80* 311.00* 0.00),8.999902,-48.99997,(0.00* 0.00* 0.00),0,0,(339.80* 0.00* 0.00)
180,2,64.35883,(349.00* 310.60* 0.00),9.199902,-49.39996,(0.00* 0.00* 0.00),0,0,(339.80* 0.00* 0.00)
180,2,64.38599,(349.40* 309.40* 0.00),9.599899,-50.59998,(0.00* 0.00* 0.00),0,0,(339.80* 0.00* 0.00)
180,2,64.41366,(349.60* 307.40* 0.00),9.799899,-52.59998,(0.00* 0.00* 0.00),0,0,(339.80* 0.00* 0.00)
180,2,64.44141,(349.80* 305.80* 0.00),9.999899,-54.19998,(0.00* 0.00* 0.00),0,0,(339.80* 0.00* 0.00)
180,3,65.85896,(340.80* 1.40* 0.00),0.9998949,1.400013,(0.00* 0.00* 0.00),0,0,(339.80* 0.00* 0.00)
180,3,65.88627,(340.80* 1.40* 0.00),0.9998949,1.400013,(0.00* 0.00* 0.00),0,0,(339.80* 0.00* 0.00)
180,3,65.91505,(340.80* 1.40* 0.00),0.9998949,1.400013,(0.00* 0.00* 0.00),0,0,(339.80* 0.00* 0.00)
180,3,65.94205,(340.80* 1.40* 0.00),0.9998949,1.400013,(0.00* 0.00* 0.00),0,0,(339.80* 0.00* 0.00)
180,3,65.96976,(340.80* 1.40* 0.00),0.9998949,1.400013,(0.00* 0.00* 0.00),0,0,(339.80* 0.00* 0.00)
180,3,65.99718,(340.80* 1.40* 0.00),0.9998949,1.400013,(0.00* 0.00* 0.00),0,0,(339.80* 0.00* 0.00)
180,3,66.02527,(340.80* 1.40* 0.00),0.9998949,1.400013,(0.00* 0.00* 0.00),0,0,(339.80* 0.00* 0.00)
180,3,66.05424,(340.80* 0.60* 0.00),0.9998936,0.6000128,(0.00* 0.00* 0.00),0,0,(339.80* 0.00* 0.00)
180,3,66.0807,(340.80* 357.80* 0.00),0.9998944,-2.199982,(0.00* 0.00* 0.00),0,0,(339.80* 0.00* 0.00)
180,3,66.10771,(341.00* 354.00* 0.00),1.199895,-6,(0.00* 0.00* 0.00),0,0,(339.80* 0.00* 0.00)
180,3,66.1363,(341.60* 350.80* 0.00),1.799896,-9.199982,(0.00* 0.00* 0.00),0,0,(339.80* 0.00* 0.00)
180,3,66.16419,(342.00* 347.80* 0.00),2.199897,-12.19998,(0.00* 0.00* 0.00),0,0,(339.80* 0.00* 0.00)
180,3,66.19179,(342.60* 344.60* 0.00),2.799896,-15.39999,(0.00* 0.00* 0.00),0,0,(339.80* 0.00* 0.00)
180,3,66.21958,(343.20* 342.20* 0.00),3.399898,-17.79999,(0.00* 0.00* 0.00),0,0,(339.80* 0.00* 0.00)
180,3,66.24738,(343.80* 340.20* 0.00),3.999897,-19.79999,(0.00* 0.00* 0.00),0,0,(339.80* 0.00* 0.00)
180,3,66.27517,(344.40* 338.20* 0.00),4.599901,-21.79999,(0.00* 0.00* 0.00),0,0,(339.80* 0.00* 0.00)
180,3,66.30268,(344.80* 335.20* 0.00),4.999896,-24.79999,(0.00* 0.00* 0.00),0,0,(339.80* 0.00* 0.00)
180,3,66.33075,(345.40* 331.80* 0.00),5.599897,-28.19998,(0.00* 0.00* 0.00),0,0,(339.80* 0.00* 0.00)
180,3,66.35822,(346.00* 328.80* 0.00),6.199895,-31.19998,(0.00* 0.00* 0.00),0,0,(339.80* 0.00* 0.00)
180,3,66.38599,(346.40* 325.80* 0.00),6.599896,-34.19998,(0.00* 0.00* 0.00),0,0,(339.80* 0.00* 0.00)
180,3,66.41369,(346.60* 323.00* 0.00),6.799896,-37,(0.00* 0.00* 0.00),0,0,(339.80* 0.00* 0.00)
180,3,66.44139,(347.00* 320.80* 0.00),7.199898,-39.19998,(0.00* 0.00* 0.00),0,0,(339.80* 0.00* 0.00)
180,3,66.47066,(347.40* 319.40* 0.00),7.599897,-40.59998,(0.00* 0.00* 0.00),0,0,(339.80* 0.00* 0.00)
180,3,66.49687,(347.80* 317.60* 0.00),7.999895,-42.39999,(0.00* 0.00* 0.00),0,0,(339.80* 0.00* 0.00)
180,3,66.52472,(347.80* 315.60* 0.00),7.999896,-44.39999,(0.00* 0.00* 0.00),0,0,(339.80* 0.00* 0.00)
180,3,66.5524,(348.00* 314.00* 0.00),8.199895,-46,(0.00* 0.00* 0.00),0,0,(339.80* 0.00* 0.00)
180,3,66.58057,(348.20* 313.60* 0.00),8.399895,-46.39999,(0.00* 0.00* 0.00),0,0,(339.80* 0.00* 0.00)
180,3,66.60777,(348.40* 312.40* 0.00),8.599895,-47.60001,(0.00* 0.00* 0.00),0,0,(339.80* 0.00* 0.00)
180,3,66.63658,(348.80* 309.20* 0.00),8.999896,-50.79999,(0.00* 0.00* 0.00),0,0,(339.80* 0.00* 0.00)
180,3,66.66377,(349.40* 306.40* 0.00),9.599895,-53.59998,(0.00* 0.00* 0.00),0,0,(339.80* 0.00* 0.00)
